,Province_State,Country_Region,Last_Update,Lat,Long_,Confirmed,Deaths,Recovered,Active,Combined_Key,Incidence_Rate,Case-Fatality_Ratio
0,Australian Capital Territory,Australia,2020-09-20 04:22:56,42.35122196,13.39843823,4137.0,474.0,2984.0,679.0,"Australian Capital Territory, Australia",0.04137,11.457577955039884
1,New South Wales,Australia,2020-09-20 04:22:56,-9.0238,-70.812,27061.0,648.0,24298.0,2115.0,"New South Wales, Australia",0.27061,2.3945900003695355
2,Northern Territory,Australia,2020-09-20 04:22:56,44.6939006,40.1520421,3775.0,31.0,3253.0,491.0,"Northern Territory, Australia",0.03775,0.8211920529801325
3,Queensland,Australia,2020-09-20 04:22:56,21.8853,-102.2916,6581.0,555.0,5783.0,243.0,"Queensland, Australia",0.06581,8.433368788937852
4,South Australia,Australia,2020-09-20 04:22:56,35.035551,137.211621,5077.0,79.0,4554.0,444.0,"South Australia, Australia",0.05077,1.5560370297419737
5,Tasmania,Australia,2020-09-20 04:22:56,39.748679,140.408228,52.0,0.0,51.0,1.0,"Tasmania, Australia",0.00052,0.0
6,Victoria,Australia,2020-09-20 04:22:56,32.88428035358209,-86.71012237686571,144164.0,2437.0,0.0,141727.0,"Victoria, Australia",1.44164,1.6904358924558143
7,Western Australia,Australia,2020-09-20 04:22:56,-9.5713,-36.782,83950.0,2014.0,80658.0,1278.0,"Western Australia, Australia",0.8395,2.3990470518165576
8,Acre,Brazil,2020-09-20 04:22:56,60.41150609269231,-148.68769288076925,6729.0,45.0,0.0,6684.0,"Acre, Brazil",0.06729,0.6687472135532769
9,Alagoas,Brazil,2020-09-20 04:22:56,53.9333,-116.5765,16381.0,255.0,14702.0,1424.0,"Alagoas, Brazil",0.16381,1.5566815212746474
10,Amapa,Brazil,2020-09-20 04:22:56,52.6932243,82.69314240000001,12914.0,164.0,11648.0,1102.0,"Amapa, Brazil",0.12914,1.2699396004336378
11,Amazonas,Brazil,2020-09-20 04:22:56,50.7114101,86.8572186,2798.0,12.0,2235.0,551.0,"Amazonas, Brazil",0.02798,0.42887776983559683
12,Bahia,Brazil,2020-09-20 04:22:56,0.902,-52.003,46738.0,691.0,35026.0,11021.0,"Bahia, Brazil",0.46738,1.4784543626171425
13,Ceara,Brazil,2020-09-20 04:22:56,-3.4168,-65.8561,131573.0,3956.0,109874.0,17743.0,"Ceara, Brazil",1.31573,3.0066959026548
14,Distrito Federal,Brazil,2020-09-20 04:22:56,-1.4429,-71.5724,2732.0,115.0,2597.0,20.0,"Distrito Federal, Brazil",0.02732,4.209370424597365
15,Espirito Santo,Brazil,2020-09-20 04:22:56,-5.077253,-78.050172,12987.0,204.0,0.0,12783.0,"Espirito Santo, Brazil",0.12987,1.5708015708015708
16,Goias,Brazil,2020-09-20 04:22:56,52.8032368,128.437295,3959.0,50.0,3514.0,395.0,"Goias, Brazil",0.03959,1.262945188178833
17,Maranhao,Brazil,2020-09-20 04:22:56,-9.407125,-77.67179499999997,21235.0,1248.0,0.0,19987.0,"Maranhao, Brazil",0.21235,5.8770897103838005
18,Mato Grosso,Brazil,2020-09-20 04:22:56,37.5443,-4.7278,47612.0,1662.0,10671.0,35279.0,"Mato Grosso, Brazil",0.47612,3.4907166260606566
19,Mato Grosso do Sul,Brazil,2020-09-20 04:22:56,11.225999,92.968178,3631.0,52.0,3414.0,165.0,"Mato Grosso do Sul, Brazil",0.03631,1.4321123657394659
20,Minas Gerais,Brazil,2020-09-20 04:22:56,15.9129,79.74,609558.0,5244.0,519891.0,84423.0,"Minas Gerais, Brazil",6.09558,0.8602954927997006
21,Para,Brazil,2020-09-20 04:22:56,18.2206,-63.0686,3.0,0.0,3.0,0.0,"Para, Brazil",3e-05,0.0
22,Paraiba,Brazil,2020-09-20 04:22:56,31.8257,117.2264,991.0,6.0,985.0,0.0,"Paraiba, Brazil",0.00991,0.6054490413723511
23,Parana,Brazil,2020-09-20 04:22:56,7.1986,-75.3412,102501.0,2187.0,85968.0,14346.0,"Parana, Brazil",1.02501,2.133637720607604
24,Pernambuco,Brazil,2020-09-20 04:22:56,-23.6509,-70.3975,19391.0,489.0,18423.0,479.0,"Pernambuco, Brazil",0.19391,2.5217884585632513
25,Piaui,Brazil,2020-09-20 04:22:56,40.781541,140.828896,35.0,1.0,32.0,2.0,"Piaui, Brazil",0.00035,2.857142857142857
26,Rio Grande do Norte,Brazil,2020-09-20 04:22:56,-14.027713,-72.975378,4200.0,79.0,0.0,4121.0,"Rio Grande do Norte, Brazil",0.042,1.8809523809523812
27,Rio Grande do Sul,Brazil,2020-09-20 04:22:56,41.5976,-0.9057,32266.0,1302.0,3772.0,27192.0,"Rio Grande do Sul, Brazil",0.32266,4.035207338994607
28,Rio de Janeiro,Brazil,2020-09-20 04:22:56,7.0762,-70.7105,1449.0,34.0,1122.0,293.0,"Rio de Janeiro, Brazil",0.01449,2.346445824706694
29,Rondonia,Brazil,2020-09-20 04:22:56,-38.9489,-72.3311,6358.0,103.0,5770.0,485.0,"Rondonia, Brazil",0.06358,1.620006291286568
30,Roraima,Brazil,2020-09-20 04:22:56,-15.843524,-72.475539,39046.0,1297.0,0.0,37749.0,"Roraima, Brazil",0.39046,3.321723095835681
31,Santa Catarina,Brazil,2020-09-20 04:22:56,-18.594,-69.4785,7561.0,138.0,7030.0,393.0,"Santa Catarina, Brazil",0.07561,1.8251554027245074
32,Sao Paulo,Brazil,2020-09-20 04:22:56,33.675903642,-111.46323212666667,212942.0,5451.0,0.0,207491.0,"Sao Paulo, Brazil",2.12942,2.5598519784730116
33,Sergipe,Brazil,2020-09-20 04:22:56,34.911889390266666,-92.43397826839998,75160.0,1181.0,0.0,73979.0,"Sergipe, Brazil",0.7516,1.5713145290047896
34,Tocantins,Brazil,2020-09-20 04:22:56,63.5589686,43.1221646,12290.0,257.0,9799.0,2234.0,"Tocantins, Brazil",0.1229,2.0911310008136694
35,Alberta,Canada,2020-09-20 04:22:56,12.5211,-69.9683,3460.0,23.0,2128.0,1309.0,"Alberta, Canada",0.0346,0.6647398843930636
36,British Columbia,Canada,2020-09-20 04:22:56,27.768456,96.384277,7005.0,13.0,5106.0,1886.0,"British Columbia, Canada",0.07005,0.185581727337616
37,Diamond Princess,Canada,2020-09-20 04:22:56,26.357149,92.830441,152858.0,540.0,123687.0,28631.0,"Diamond Princess, Canada",1.52858,0.35326904708945556
38,Grand Princess,Canada,2020-09-20 04:22:56,47.1878186,47.608851,6550.0,94.0,6144.0,312.0,"Grand Princess, Canada",0.0655,1.4351145038167938
39,Manitoba,Canada,2020-09-20 04:22:56,43.3614,-5.8593,4340.0,341.0,1063.0,2936.0,"Manitoba, Canada",0.0434,7.857142857142857
40,New Brunswick,Canada,2020-09-20 04:22:56,-27.5661,-70.0503,6552.0,56.0,6083.0,413.0,"New Brunswick, Canada",0.06552,0.8547008547008548
41,Newfoundland and Labrador,Canada,2020-09-20 04:22:56,10.6966,-74.8741,66512.0,3016.0,61671.0,1825.0,"Newfoundland and Labrador, Canada",0.66512,4.5345200866009145
42,Northwest Territories,Canada,2020-09-20 04:22:56,-35.4735,149.0124,113.0,3.0,110.0,0.0,"Northwest Territories, Canada",0.00113,2.6548672566371683
43,Nova Scotia,Canada,2020-09-20 04:22:56,-14.091648,-74.08344,10410.0,286.0,0.0,10124.0,"Nova Scotia, Canada",0.1041,2.7473583093179634
44,Ontario,Canada,2020-09-20 04:22:56,-45.9864,-73.7669,223.0,1.0,155.0,67.0,"Ontario, Canada",0.00223,0.4484304932735426
45,Prince Edward Island,Canada,2020-09-20 04:22:56,34.027401,73.947253,2517.0,67.0,2257.0,193.0,"Prince Edward Island, Canada",0.02517,2.6618990862137464
46,Quebec,Canada,2020-09-20 04:22:56,48.6616,9.3501,46779.0,1871.0,41228.0,3680.0,"Quebec, Canada",0.46779,3.999657966181406
47,Saskatchewan,Canada,2020-09-20 04:22:56,-12.5797,-41.7007,294210.0,6221.0,280351.0,7638.0,"Saskatchewan, Canada",2.9421,2.1144760545188808
48,Yukon,Canada,2020-09-20 04:22:56,26.0444,-111.6661,9374.0,428.0,8112.0,834.0,"Yukon, Canada",0.09374,4.5658203541711115
49,Antofagasta,Chile,2020-09-20 04:22:56,30.8406,-115.2838,18501.0,3367.0,14561.0,573.0,"Antofagasta, Chile",0.18501,18.199016269390846
50,Araucania,Chile,2020-09-20 04:22:56,39.710358,2.995148,12059.0,270.0,1533.0,10256.0,"Araucania, Chile",0.12059,2.2389916245128116
51,Arica y Parinacota,Chile,2020-09-20 04:22:56,28.328492,65.898403,14269.0,145.0,12969.0,1155.0,"Arica y Parinacota, Chile",0.14269,1.0161889410610414
52,Atacama,Chile,2020-09-20 04:22:56,54.8573563,57.1439682,8384.0,33.0,8158.0,193.0,"Atacama, Chile",0.08384,0.3936068702290076
53,Aysen,Chile,2020-09-20 04:22:56,40.63947052,15.80514834,631.0,28.0,438.0,165.0,"Aysen, Chile",0.00631,4.437400950871632
54,Biobio,Chile,2020-09-20 04:22:56,48.7904,11.4979,64465.0,2648.0,56398.0,5419.0,"Biobio, Chile",0.64465,4.107655316838595
55,Coquimbo,Chile,2020-09-20 04:22:56,40.1824,116.4142,935.0,9.0,926.0,0.0,"Coquimbo, Chile",0.00935,0.9625668449197862
56,Los Lagos,Chile,2020-09-20 04:22:56,50.7080119,37.5837615,8208.0,57.0,7521.0,630.0,"Los Lagos, Chile",0.08208,0.6944444444444444
57,Los Rios,Chile,2020-09-20 04:22:56,52.52,13.405,13064.0,227.0,11667.0,1170.0,"Los Rios, Chile",0.13064,1.7375995101041029
58,Magallanes,Chile,2020-09-20 04:22:56,32.3078,-64.7505,180.0,9.0,166.0,5.0,"Magallanes, Chile",0.0018,5.0
59,Maule,Chile,2020-09-20 04:22:56,25.679658,85.60484,165218.0,859.0,151750.0,12609.0,"Maule, Chile",1.65218,0.519919137140021
60,Metropolitana,Chile,2020-09-20 04:22:56,-37.4464,-72.1416,21564.0,286.0,19404.0,1874.0,"Metropolitana, Chile",0.21564,1.3262845483212762
61,Nuble,Chile,2020-09-20 04:22:56,56.2784,15.018,624.0,17.0,0.0,607.0,"Nuble, Chile",0.00624,2.7243589743589745
62,OHiggins,Chile,2020-09-20 04:22:56,8.6704,-74.03,27972.0,754.0,25630.0,1588.0,"OHiggins, Chile",0.27972,2.6955526955526956
63,Tarapaca,Chile,2020-09-20 04:22:56,12.1784,-68.2385,36.0,1.0,17.0,18.0,"Tarapaca, Chile",0.00036,2.7777777777777777
64,Valparaiso,Chile,2020-09-20 04:22:56,5.4545,-73.362,5995.0,117.0,4266.0,1612.0,"Valparaiso, Chile",0.05995,1.9516263552960802
65,Anhui,China,2020-09-20 04:22:56,52.4125,12.5316,4117.0,173.0,3792.0,152.0,"Anhui, China",0.04117,4.202088899684235
66,Beijing,China,2020-09-20 04:22:56,53.0793,8.8017,2192.0,59.0,2015.0,118.0,"Beijing, China",0.02192,2.691605839416058
67,Chongqing,China,2020-09-20 04:22:56,53.7267,-127.6476,7842.0,223.0,5797.0,1822.0,"Chongqing, China",0.07842,2.8436623310380003
68,Fujian,China,2020-09-20 04:22:56,18.4207,-64.64,69.0,1.0,48.0,20.0,"Fujian, China",0.00069,1.4492753623188406
69,Gansu,China,2020-09-20 04:22:56,52.8873315,33.41585300000001,8927.0,37.0,7288.0,1602.0,"Gansu, China",0.08927,0.41447294723871403
70,Guangdong,China,2020-09-20 04:22:56,52.7182426,109.492143,6152.0,62.0,5223.0,867.0,"Guangdong, China",0.06152,1.0078023407022108
71,Guangxi,China,2020-09-20 04:22:56,39.484,-0.7533,34370.0,1541.0,9970.0,22859.0,"Guangxi, China",0.3437,4.483561245272039
72,Guizhou,China,2020-09-20 04:22:56,-6.430284,-78.74559599999998,18433.0,441.0,0.0,17992.0,"Guizhou, China",0.18433,2.392448326371182
73,Hainan,China,2020-09-20 04:22:56,38.90597598,16.59440194,1810.0,98.0,1267.0,445.0,"Hainan, China",0.0181,5.414364640883978
74,Hebei,China,2020-09-20 04:22:56,5.2983,-75.2479,4653.0,106.0,3183.0,1364.0,"Hebei, China",0.04653,2.278100150440576
75,Heilongjiang,China,2020-09-20 04:22:56,37.84396164603449,-120.72859416379308,783313.0,15018.0,0.0,768295.0,"Heilongjiang, China",7.83313,1.917241256049625
76,Henan,China,2020-09-20 04:22:56,-11.954609,-77.136042,30730.0,1687.0,0.0,29043.0,"Henan, China",0.3073,5.489749430523918
77,Hong Kong,China,2020-09-20 04:22:56,40.83956555,14.25084984,10089.0,456.0,5060.0,4573.0,"Hong Kong, China",0.10089,4.519774011299435
78,Hubei,China,2020-09-20 04:22:56,19.8301,-90.5349,5851.0,800.0,4981.0,70.0,"Hubei, China",0.05851,13.672876431379253
79,Hunan,China,2020-09-20 04:22:56,28.2916,-16.6291,11479.0,209.0,1537.0,9733.0,"Hunan, China",0.11479,1.820716090251764
80,Inner Mongolia,China,2020-09-20 04:22:56,43.1828,-3.9878,6058.0,231.0,2287.0,3540.0,"Inner Mongolia, China",0.06058,3.8131396500495214
81,Jiangsu,China,2020-09-20 04:22:56,4.711,-74.0721,250490.0,6408.0,205741.0,38341.0,"Jiangsu, China",2.5049,2.5581859555271667
82,Jiangxi,China,2020-09-20 04:22:56,0.8699,-73.8419,7759.0,274.0,6504.0,981.0,"Jiangxi, China",0.07759,3.5313829101688365
83,Jilin,China,2020-09-20 04:22:56,5.7589,-71.5724,1771.0,41.0,1203.0,527.0,"Jilin, China",0.01771,2.3150762281197066
84,Liaoning,China,2020-09-20 04:22:56,39.2796,-3.0977,34835.0,3065.0,6392.0,25378.0,"Liaoning, China",0.34835,8.79862207549878
85,Macau,China,2020-09-20 04:22:56,41.8357,-4.3976,38872.0,2931.0,8716.0,27225.0,"Macau, China",0.38872,7.540131714344516
86,Ningxia,China,2020-09-20 04:22:56,41.5912,1.5209,128901.0,5797.0,26203.0,96901.0,"Ningxia, China",1.28901,4.497249827386909
87,Qinghai,China,2020-09-20 04:22:56,2.705,-76.82600000000002,8192.0,224.0,6257.0,1711.0,"Qinghai, China",0.08192,2.734375
88,Shaanxi,China,2020-09-20 04:22:56,19.3133,-81.2546,208.0,1.0,204.0,3.0,"Shaanxi, China",0.00208,0.4807692307692308
89,Shandong,China,2020-09-20 04:22:56,-5.4984,-39.3206,233600.0,8801.0,206727.0,18072.0,"Shandong, China",2.336,3.767551369863013
90,Shanghai,China,2020-09-20 04:22:56,9.3373,-73.6536,17236.0,494.0,12740.0,4002.0,"Shanghai, China",0.17236,2.866094221397076
91,Shanxi,China,2020-09-20 04:22:56,35.8894,-5.3213,441.0,9.0,163.0,269.0,"Shanxi, China",0.00441,2.0408163265306123
92,Sichuan,China,2020-09-20 04:22:56,30.733839,76.76827800000002,9506.0,113.0,6415.0,2978.0,"Sichuan, China",0.09506,1.1887229118451506
93,Tianjin,China,2020-09-20 04:22:56,49.3723,-2.3644,644.0,48.0,575.0,21.0,"Tianjin, China",0.00644,7.453416149068323
94,Tibet,China,2020-09-20 04:22:56,43.39761470000001,45.6985005,2374.0,40.0,1811.0,523.0,"Tibet, China",0.02374,1.6849199663016006
95,Xinjiang,China,2020-09-20 04:22:56,54.4223954,61.1865846,14928.0,122.0,10969.0,3837.0,"Xinjiang, China",0.14928,0.817256162915327
96,Yunnan,China,2020-09-20 04:22:56,49.4444,32.0598,2983.0,48.0,1345.0,1590.0,"Yunnan, China",0.02983,1.609118337244385
97,Zhejiang,China,2020-09-20 04:22:56,51.4982,31.2893,3188.0,46.0,738.0,2404.0,"Zhejiang, China",0.03188,1.4429109159347553
98,Amazonas,Colombia,2020-09-20 04:22:56,48.2917,25.9352,12917.0,329.0,7514.0,5074.0,"Amazonas, Colombia",0.12917,2.547031044360146
99,Antioquia,Colombia,2020-09-20 04:22:56,21.264705,82.035366,81617.0,645.0,44392.0,36580.0,"Antioquia, Colombia",0.81617,0.790276535525687
100,Arauca,Colombia,2020-09-20 04:22:56,16.7569,-93.1292,6427.0,1016.0,5354.0,57.0,"Arauca, Colombia",0.06427,15.808308697681655
101,Atlantico,Colombia,2020-09-20 04:22:56,35.510141,140.198917,3603.0,68.0,3174.0,361.0,"Atlantico, Colombia",0.03603,1.8873161254510131
102,Bolivar,Colombia,2020-09-20 04:22:56,28.63300000000001,-106.0691,9464.0,1276.0,7553.0,635.0,"Bolivar, Colombia",0.09464,13.482671174978867
103,Boyaca,Colombia,2020-09-20 04:22:56,5.2528,-76.82600000000002,3930.0,154.0,3636.0,140.0,"Boyaca, Colombia",0.0393,3.9185750636132317
104,Caldas,Colombia,2020-09-20 04:22:56,30.0572,107.874,584.0,6.0,577.0,1.0,"Caldas, Colombia",0.00584,1.0273972602739725
105,Capital District,Colombia,2020-09-20 04:22:56,66.0006475,169.4900869,182.0,2.0,172.0,8.0,"Capital District, Colombia",0.00182,1.098901098901099
106,Caqueta,Colombia,2020-09-20 04:22:56,55.4259922,47.0849429,8301.0,85.0,7047.0,1169.0,"Caqueta, Colombia",0.08301,1.0239730152993616
107,Casanare,Colombia,2020-09-20 04:22:56,19.4326,-99.1332,116943.0,11545.0,98840.0,6558.0,"Casanare, Colombia",1.16943,9.872330964657996
108,Cauca,Colombia,2020-09-20 04:22:56,27.0587,-101.7068,24766.0,1723.0,22020.0,1023.0,"Cauca, Colombia",0.24766,6.95711863038036
109,Cesar,Colombia,2020-09-20 04:22:56,19.1223,-104.0072,4380.0,518.0,3567.0,295.0,"Cesar, Colombia",0.0438,11.826484018264841
110,Choco,Colombia,2020-09-20 04:22:56,38.935474467656235,-105.48623995937497,64336.0,2013.0,0.0,62323.0,"Choco, Colombia",0.64336,3.1288858492912213
111,Cordoba,Colombia,2020-09-20 04:22:56,41.61368014,-72.65682967875,55527.0,4492.0,0.0,51035.0,"Cordoba, Colombia",0.55527,8.089758135681741
112,Cundinamarca,Colombia,2020-09-20 04:22:56,-29.959,-71.3389,11497.0,192.0,10756.0,549.0,"Cundinamarca, Colombia",0.11497,1.6700008697921196
113,Guainia,Colombia,2020-09-20 04:22:56,8.0493,-75.574,22745.0,1480.0,19406.0,1859.0,"Guainia, Colombia",0.22745,6.506924598812926
114,Guaviare,Colombia,2020-09-20 04:22:56,45.2835,34.2008,3573.0,47.0,2400.0,1126.0,"Guaviare, Colombia",0.03573,1.315421214665547
115,Huila,Colombia,2020-09-20 04:22:56,5.026,-74.03,30582.0,898.0,25087.0,4597.0,"Huila, Colombia",0.30582,2.9363677980511413
116,La Guajira,Colombia,2020-09-20 04:22:56,12.1696,-68.99,247.0,1.0,88.0,158.0,"La Guajira, Colombia",0.00247,0.4048582995951417
117,Magdalena,Colombia,2020-09-20 04:22:56,-13.191068,-72.153609,19135.0,387.0,0.0,18748.0,"Magdalena, Colombia",0.19135,2.0224719101123596
118,Meta,Colombia,2020-09-20 04:22:56,20.194742,73.080901,2859.0,2.0,2639.0,218.0,"Meta, Colombia",0.02859,0.06995452955578874
119,Narino,Colombia,2020-09-20 04:22:56,43.05749160000001,47.1332224,12514.0,543.0,10744.0,1227.0,"Narino, Colombia",0.12514,4.3391401630174204
120,Norte de Santander,Colombia,2020-09-20 04:22:56,61.0917,14.6664,2365.0,174.0,0.0,2191.0,"Norte de Santander, Colombia",0.02365,7.357293868921776
121,Putumayo,Colombia,2020-09-20 04:22:56,39.10927682333334,-75.53323745666665,19449.0,621.0,0.0,18828.0,"Putumayo, Colombia",0.19449,3.1929662193428965
122,Quindio,Colombia,2020-09-20 04:22:56,28.646519,77.10898,238828.0,4907.0,201671.0,32250.0,"Quindio, Colombia",2.38828,2.0546167116083542
123,Risaralda,Colombia,2020-09-20 04:22:56,,,0.0,1.0,0.0,-1.0,"Risaralda, Colombia",0.0,inf
124,San Andres y Providencia,Colombia,2020-09-20 04:22:56,,,49.0,0.0,0.0,49.0,"San Andres y Providencia, Colombia",0.00049,0.0
125,Santander,Colombia,2020-09-20 04:22:56,38.90417773,-77.01655992,14902.0,619.0,0.0,14283.0,"Santander, Colombia",0.14902,4.153804858408267
126,Sucre,Colombia,2020-09-20 04:22:56,-15.7998,-47.8645,183096.0,3048.0,170627.0,9421.0,"Sucre, Colombia",1.83096,1.6647004849914797
127,Tolima,Colombia,2020-09-20 04:22:56,48.4647,35.0462,3878.0,89.0,1830.0,1959.0,"Tolima, Colombia",0.03878,2.294997421351212
128,Valle del Cauca,Colombia,2020-09-20 04:22:56,48.0159,37.8028,2371.0,35.0,982.0,1354.0,"Valle del Cauca, Colombia",0.02371,1.4761703922395615
129,Vaupes,Colombia,2020-09-20 04:22:56,52.862485,6.6184350000000025,722.0,41.0,0.0,681.0,"Vaupes, Colombia",0.00722,5.678670360110803
130,Vichada,Colombia,2020-09-20 04:22:56,24.5593,-104.6588,8098.0,559.0,6859.0,680.0,"Vichada, Colombia",0.08098,6.90293899728328
131,Faroe Islands,Denmark,2020-09-20 04:22:56,33.624835,132.856842,114.0,6.0,108.0,0.0,"Faroe Islands, Denmark",0.00114,5.263157894736842
132,Greenland,Denmark,2020-09-20 04:22:56,44.49436681,11.3417208,34225.0,4474.0,25313.0,4438.0,"Greenland, Denmark",0.34225,13.072315558802044
133,French Guiana,France,2020-09-20 04:22:56,52.3555,-1.1743,336622.0,37076.0,0.0,299546.0,"French Guiana, France",3.36622,11.014134548544066
134,French Polynesia,France,2020-09-20 04:22:56,-19.1834,-40.3089,123720.0,3408.0,113545.0,6767.0,"French Polynesia, France",1.2372,2.7546071774975753
135,Guadeloupe,France,2020-09-20 04:22:56,39.4937,-6.0679,8166.0,544.0,2652.0,4970.0,"Guadeloupe, France",0.08166,6.661768307616948
136,Martinique,France,2020-09-20 04:22:56,-51.7963,-59.5236,13.0,0.0,13.0,0.0,"Martinique, France",0.00013,0.0
137,Mayotte,France,2020-09-20 04:22:56,61.8926,-6.9118,431.0,0.0,412.0,19.0,"Mayotte, France",0.00431,0.0
138,New Caledonia,France,2020-09-20 04:22:56,52.550383,5.515162,1762.0,97.0,0.0,1665.0,"New Caledonia, France",0.01762,5.50510783200908
139,Reunion,France,2020-09-20 04:22:56,28.94075487910448,-82.70074390925375,681233.0,13287.0,0.0,667946.0,"Reunion, France",6.81233,1.9504339924812801
140,Saint Barthelemy,France,2020-09-20 04:22:56,4.0,-53.0,9692.0,65.0,9341.0,286.0,"Saint Barthelemy, France",0.09692,0.6706562113082956
141,Saint Pierre and Miquelon,France,2020-09-20 04:22:56,-17.6797,-149.4068,1271.0,2.0,1028.0,241.0,"Saint Pierre and Miquelon, France",0.01271,0.15735641227380015
142,St Martin,France,2020-09-20 04:22:56,53.087337,5.7925,1011.0,69.0,0.0,942.0,"St Martin, France",0.01011,6.824925816023739
143,Baden-Wurttemberg,Germany,2020-09-20 04:22:56,45.6494354,13.76813649,4345.0,350.0,3314.0,681.0,"Baden-Wurttemberg, Germany",0.04345,8.05523590333717
144,Bayern,Germany,2020-09-20 04:22:56,26.0789,117.9874,395.0,1.0,380.0,14.0,"Bayern, Germany",0.00395,0.25316455696202533
145,Berlin,Germany,2020-09-20 04:22:56,35.846614,136.22465400000002,244.0,9.0,215.0,20.0,"Berlin, Germany",0.00244,3.6885245901639343
146,Brandenburg,Germany,2020-09-20 04:22:56,33.526032,130.666949,5000.0,89.0,4629.0,282.0,"Brandenburg, Germany",0.05,1.78
147,Bremen,Germany,2020-09-20 04:22:56,37.378867,140.223295,218.0,2.0,180.0,36.0,"Bremen, Germany",0.00218,0.9174311926605505
148,Hamburg,Germany,2020-09-20 04:22:56,42.5751,-8.1339,18593.0,702.0,9204.0,8687.0,"Hamburg, Germany",0.18593,3.775614478567203
149,Hessen,Germany,2020-09-20 04:22:56,35.7518,104.2861,170.0,2.0,168.0,0.0,"Hessen, Germany",0.0017,1.1764705882352942
150,Mecklenburg-Vorpommern,Germany,2020-09-20 04:22:56,61.3012,16.1534,3285.0,167.0,0.0,3118.0,"Mecklenburg-Vorpommern, Germany",0.03285,5.083713850837138
151,Niedersachsen,Germany,2020-09-20 04:22:56,52.061738,5.939114,9126.0,692.0,0.0,8434.0,"Niedersachsen, Germany",0.09126,7.582730659653738
152,Nordrhein-Westfalen,Germany,2020-09-20 04:22:56,32.80853214484278,-83.57742992610066,305021.0,6599.0,0.0,298422.0,"Nordrhein-Westfalen, Germany",3.05021,2.163457598001449
153,Rheinland-Pfalz,Germany,2020-09-20 04:22:56,36.1408,-5.3536,350.0,0.0,322.0,28.0,"Rheinland-Pfalz, Germany",0.0035,0.0
154,Saarland,Germany,2020-09-20 04:22:56,35.778671,137.055925,597.0,10.0,552.0,35.0,"Saarland, Germany",0.00597,1.675041876046901
155,Sachsen,Germany,2020-09-20 04:22:56,35.792146,74.982138,3450.0,81.0,3036.0,333.0,"Sachsen, Germany",0.0345,2.3478260869565215
156,Sachsen-Anhalt,Germany,2020-09-20 04:22:56,15.359682,74.057396,27379.0,335.0,21314.0,5730.0,"Sachsen-Anhalt, Germany",0.27379,1.2235655064100224
157,Schleswig-Holstein,Germany,2020-09-20 04:22:56,-15.827,-49.8362,182856.0,4135.0,172741.0,5980.0,"Schleswig-Holstein, Germany",1.82856,2.261342258389115
158,Thuringen,Germany,2020-09-20 04:22:56,57.4684,18.4867,324.0,6.0,0.0,318.0,"Thuringen, Germany",0.00324,1.8518518518518516
159,Andaman and Nicobar Islands,India,2020-09-20 04:22:56,,,13.0,0.0,13.0,0.0,"Andaman and Nicobar Islands, India",0.00013,0.0
160,Andhra Pradesh,India,2020-09-20 04:22:56,,,103.0,3.0,0.0,100.0,"Andhra Pradesh, India",0.00103,2.912621359223301
161,Arunachal Pradesh,India,2020-09-20 04:22:56,71.7069,-42.6043,14.0,0.0,14.0,0.0,"Arunachal Pradesh, India",0.00014,0.0
162,Assam,India,2020-09-20 04:22:56,53.217922,6.741514,1011.0,19.0,0.0,992.0,"Assam, India",0.01011,1.8793273986152326
163,Bihar,India,2020-09-20 04:22:56,16.265,-61.551,3426.0,26.0,837.0,2563.0,"Bihar, India",0.03426,0.7589025102159953
164,Chandigarh,India,2020-09-20 04:22:56,2.5854,-68.5247,547.0,10.0,234.0,303.0,"Chandigarh, India",0.00547,1.8281535648994516
165,Chhattisgarh,India,2020-09-20 04:22:56,13.4443,144.7937,2074.0,31.0,0.0,2043.0,"Chhattisgarh, India",0.02074,1.4946962391513983
166,Dadra and Nagar Haveli and Daman and Diu,India,2020-09-20 04:22:56,21.019,-101.2574,38340.0,2709.0,33126.0,2505.0,"Dadra and Nagar Haveli and Daman and Diu, India",0.3834,7.065727699530516
167,Delhi,India,2020-09-20 04:22:56,23.3417,113.4244,1797.0,8.0,1767.0,22.0,"Delhi, India",0.01797,0.4451864218141347
168,Goa,India,2020-09-20 04:22:56,23.8298,108.7881,258.0,2.0,253.0,3.0,"Goa, India",0.00258,0.7751937984496124
169,Gujarat,India,2020-09-20 04:22:56,1.0654,-73.2603,628.0,11.0,417.0,200.0,"Gujarat, India",0.00628,1.7515923566878981
170,Haryana,India,2020-09-20 04:22:56,17.4392,-99.5451,17335.0,1811.0,14318.0,1206.0,"Haryana, India",0.17335,10.447072396884916
171,Himachal Pradesh,India,2020-09-20 04:22:56,26.8154,106.8748,147.0,2.0,145.0,0.0,"Himachal Pradesh, India",0.00147,1.3605442176870748
172,Jammu and Kashmir,India,2020-09-20 04:22:56,22.694884,71.590923,120336.0,3286.0,100974.0,16076.0,"Jammu and Kashmir, India",1.20336,2.7306874085892834
173,Jharkhand,India,2020-09-20 04:22:56,36.504479,138.985605,644.0,19.0,480.0,145.0,"Jharkhand, India",0.00644,2.950310559006211
174,Karnataka,India,2020-09-20 04:22:56,19.1959,109.7453,171.0,6.0,165.0,0.0,"Karnataka, India",0.00171,3.508771929824561
175,Kerala,India,2020-09-20 04:22:56,56.8967,12.8034,2356.0,83.0,0.0,2273.0,"Kerala, India",0.02356,3.5229202037351444
176,Ladakh,India,2020-09-20 04:22:56,53.5511,9.9937,7149.0,269.0,6129.0,751.0,"Ladakh, India",0.07149,3.7627640229402717
177,Lakshadweep,India,2020-09-20 04:22:56,29.20004,76.332824,106261.0,1092.0,83878.0,21291.0,"Lakshadweep, India",1.06261,1.0276583130217107
178,Madhya Pradesh,India,2020-09-20 04:22:56,20.99064747,-157.41445579999998,11326.0,120.0,0.0,11206.0,"Madhya Pradesh, India",0.11326,1.0595090941197245
179,Maharashtra,India,2020-09-20 04:22:56,37.8957,114.9042,365.0,6.0,356.0,3.0,"Maharashtra, India",0.00365,1.643835616438356
180,Manipur,India,2020-09-20 04:22:56,47.862,127.7615,948.0,13.0,935.0,0.0,"Manipur, India",0.00948,1.3713080168776373
181,Meghalaya,India,2020-09-20 04:22:56,33.882,113.614,1279.0,22.0,1254.0,3.0,"Meghalaya, India",0.01279,1.7200938232994525
182,Mizoram,India,2020-09-20 04:22:56,50.6521,9.1624,17516.0,543.0,15649.0,1324.0,"Mizoram, India",0.17516,3.100022836263987
183,Nagaland,India,2020-09-20 04:22:56,20.0911,-98.7624,11930.0,1853.0,9478.0,599.0,"Nagaland, India",0.1193,15.532271584241409
184,Odisha,India,2020-09-20 04:22:56,31.927213,77.233081,11622.0,111.0,7081.0,4430.0,"Odisha, India",0.11622,0.9550851832731028
185,Puducherry,India,2020-09-20 04:22:56,34.605309000000005,132.788719,472.0,3.0,461.0,8.0,"Puducherry, India",0.00472,0.6355932203389831
186,Punjab,India,2020-09-20 04:22:56,43.385711,142.552318,1933.0,106.0,1742.0,85.0,"Punjab, India",0.01933,5.483704086911537
187,Rajasthan,India,2020-09-20 04:22:56,22.3,114.2,5009.0,103.0,4708.0,198.0,"Rajasthan, India",0.05009,2.0562986624076665
188,Sikkim,India,2020-09-20 04:22:56,-13.023888,-75.00277,5997.0,102.0,0.0,5895.0,"Sikkim, India",0.05997,1.7008504252126064
189,Tamil Nadu,India,2020-09-20 04:22:56,-9.421676,-76.040642,14919.0,366.0,0.0,14553.0,"Tamil Nadu, India",0.14919,2.45324753669817
190,Telangana,India,2020-09-20 04:22:56,30.9756,112.2707,68139.0,4512.0,63627.0,0.0,"Telangana, India",0.68139,6.62175846431559
191,Tripura,India,2020-09-20 04:22:56,2.5359,-75.5277,9380.0,282.0,6258.0,2840.0,"Tripura, India",0.0938,3.0063965884861408
192,Uttar Pradesh,India,2020-09-20 04:22:56,27.6104,111.7088,1019.0,4.0,1015.0,0.0,"Uttar Pradesh, India",0.01019,0.39254170755642787
193,Uttarakhand,India,2020-09-20 04:22:56,35.039913,134.828057,2582.0,56.0,2349.0,177.0,"Uttarakhand, India",0.02582,2.168861347792409
194,West Bengal,India,2020-09-20 04:22:56,36.303588,140.319591,623.0,16.0,568.0,39.0,"West Bengal, India",0.00623,2.568218298555377
195,Abruzzo,Italy,2020-09-20 04:22:56,-14.235097,-75.574821,25278.0,1546.0,0.0,23732.0,"Abruzzo, Italy",0.25278,6.115990189097239
196,Basilicata,Italy,2020-09-20 04:22:56,44.2634012584091,-114.46012491818179,37247.0,441.0,0.0,36806.0,"Basilicata, Italy",0.37247,1.1839879721856794
197,Calabria,Italy,2020-09-20 04:22:56,39.84361770127451,-89.17833006960784,275041.0,8672.0,0.0,266369.0,"Calabria, Italy",2.75041,3.152984464134438
198,Campania,Italy,2020-09-20 04:22:56,39.83735316565217,-86.21856844913039,110759.0,3503.0,0.0,107256.0,"Campania, Italy",1.10759,3.1627226681353213
199,Emilia-Romagna,Italy,2020-09-20 04:22:56,43.11542075,45.01713552,5136.0,78.0,4408.0,650.0,"Emilia-Romagna, Italy",0.05136,1.5186915887850467
200,Friuli Venezia Giulia,Italy,2020-09-20 04:22:56,44.0935,113.9448,261.0,1.0,259.0,1.0,"Friuli Venezia Giulia, Italy",0.00261,0.38314176245210724
201,Lazio,Italy,2020-09-20 04:22:56,42.02991002353537,-93.46551942343434,79804.0,1265.0,0.0,78539.0,"Lazio, Italy",0.79804,1.5851335772642976
202,Liguria,Italy,2020-09-20 04:22:56,56.6370122,104.719221,18211.0,274.0,14815.0,3122.0,"Liguria, Italy",0.18211,1.5045851408489375
203,Lombardia,Italy,2020-09-20 04:22:56,36.769464,136.771027,750.0,44.0,636.0,70.0,"Lombardia, Italy",0.0075,5.866666666666666
204,Marche,Italy,2020-09-20 04:22:56,33.665087,73.121219,16124.0,180.0,15529.0,415.0,"Marche, Italy",0.16124,1.116348300669809
205,Molise,Italy,2020-09-20 04:22:56,54.2361,-4.5481,339.0,24.0,312.0,3.0,"Molise, Italy",0.00339,7.079646017699115
206,P.A. Bolzano,Italy,2020-09-20 04:22:56,48.9226,24.7111,12212.0,277.0,5354.0,6581.0,"P.A. Bolzano, Italy",0.12212,2.2682607271536193
207,P.A. Trento,Italy,2020-09-20 04:22:56,56.9167446,41.43521370000001,8184.0,130.0,6708.0,1346.0,"P.A. Trento, Italy",0.08184,1.5884652981427174
208,Piemonte,Italy,2020-09-20 04:22:56,39.593287,141.361777,23.0,0.0,23.0,0.0,"Piemonte, Italy",0.00023,0.0
209,Puglia,Italy,2020-09-20 04:22:56,20.6595,-103.3494,24400.0,2974.0,19623.0,1803.0,"Puglia, Italy",0.244,12.188524590163935
210,Sardegna,Italy,2020-09-20 04:22:56,33.75943,76.612638,61041.0,966.0,39305.0,20770.0,"Sardegna, Italy",0.61041,1.5825428810144002
211,Sicilia,Italy,2020-09-20 04:22:56,63.1712,14.9592,1222.0,64.0,0.0,1158.0,"Sicilia, Italy",0.01222,5.237315875613748
212,Toscana,Italy,2020-09-20 04:22:56,48.57527615,132.66307460000002,772.0,10.0,642.0,120.0,"Toscana, Italy",0.00772,1.2953367875647668
213,Umbria,Italy,2020-09-20 04:22:56,23.654536,85.557631,68578.0,602.0,54052.0,13924.0,"Umbria, Italy",0.68578,0.8778325410481496
214,Valle d'Aosta,Italy,2020-09-20 04:22:56,32.9711,119.455,665.0,0.0,664.0,1.0,"Valle d'Aosta, Italy",0.00665,0.0
215,Veneto,Italy,2020-09-20 04:22:56,27.614,115.7221,935.0,1.0,934.0,0.0,"Veneto, Italy",0.00935,0.10695187165775401
216,Aichi,Japan,2020-09-20 04:22:56,43.6661,126.1923,157.0,2.0,155.0,0.0,"Aichi, Japan",0.00157,1.2738853503184715
217,Akita,Japan,2020-09-20 04:22:56,57.3708,14.3439,5224.0,181.0,0.0,5043.0,"Akita, Japan",0.05224,3.464777947932619
218,Aomori,Japan,2020-09-20 04:22:56,-11.541783,-74.876968,17991.0,723.0,0.0,17268.0,"Aomori, Japan",0.17991,4.018676004669001
219,Chiba,Japan,2020-09-20 04:22:56,43.4806048,43.5978976,7191.0,86.0,6344.0,761.0,"Chiba, Japan",0.07191,1.1959393686552635
220,Ehime,Japan,2020-09-20 04:22:56,34.217292,133.969047,94.0,2.0,82.0,10.0,"Ehime, Japan",0.00094,2.127659574468085
221,Fukui,Japan,2020-09-20 04:22:56,31.009484000000004,130.430665,377.0,12.0,354.0,11.0,"Fukui, Japan",0.00377,3.183023872679045
222,Fukuoka,Japan,2020-09-20 04:22:56,54.7293041,21.1489473,3941.0,67.0,3118.0,756.0,"Fukuoka, Japan",0.03941,1.700076122811469
223,Fukushima,Japan,2020-09-20 04:22:56,57.235,16.1849,911.0,64.0,0.0,847.0,"Fukushima, Japan",0.00911,7.025246981339188
224,Gifu,Japan,2020-09-20 04:22:56,46.2313018,45.3275745,5681.0,65.0,3332.0,2284.0,"Gifu, Japan",0.05681,1.1441647597254003
225,Gunma,Japan,2020-09-20 04:22:56,54.4382773,35.5272854,8672.0,72.0,7367.0,1233.0,"Gunma, Japan",0.08672,0.8302583025830259
226,Hiroshima,Japan,2020-09-20 04:22:56,57.1914882,160.03838190000005,4224.0,67.0,3250.0,907.0,"Hiroshima, Japan",0.04224,1.5861742424242424
227,Hokkaido,Japan,2020-09-20 04:22:56,35.415312,139.338983,6327.0,136.0,5484.0,707.0,"Hokkaido, Japan",0.06327,2.149517938991623
228,Hyogo,Japan,2020-09-20 04:22:56,38.485378896857135,-98.08455153209523,52486.0,594.0,0.0,51892.0,"Hyogo, Japan",0.52486,1.1317303661928897
229,Ibaraki,Japan,2020-09-20 04:22:56,43.7368326,41.7267991,6285.0,28.0,4703.0,1554.0,"Ibaraki, Japan",0.06285,0.44550517104216386
230,Ishikawa,Japan,2020-09-20 04:22:56,62.61940309999999,33.4920267,3610.0,16.0,2635.0,959.0,"Ishikawa, Japan",0.0361,0.443213296398892
231,Iwate,Japan,2020-09-20 04:22:56,14.70518,76.166436,502982.0,7808.0,394026.0,101148.0,"Iwate, Japan",5.02982,1.552341833306162
232,Kagawa,Japan,2020-09-20 04:22:56,54.53357809999999,87.342861,8323.0,67.0,6281.0,1975.0,"Kagawa, Japan",0.08323,0.8049981977652289
233,Kagoshima,Japan,2020-09-20 04:22:56,37.62214385000001,-85.19989061799998,61106.0,1108.0,0.0,59998.0,"Kagoshima, Japan",0.61106,1.8132425621051944
234,Kanagawa,Japan,2020-09-20 04:22:56,10.450898,76.405749,126381.0,501.0,90085.0,35795.0,"Kanagawa, Japan",1.26381,0.3964203479953474
235,Kochi,Japan,2020-09-20 04:22:56,51.6312684,136.121524,11325.0,101.0,9144.0,2080.0,"Kochi, Japan",0.11325,0.8918322295805741
236,Kumamoto,Japan,2020-09-20 04:22:56,53.72258845,91.44293627,3963.0,47.0,3366.0,550.0,"Kumamoto, Japan",0.03963,1.1859702245773405
237,Kyoto,Japan,2020-09-20 04:22:56,61.0259025,69.0982628,21077.0,179.0,20289.0,609.0,"Kyoto, Japan",0.21077,0.849266973478199
238,Mie,Japan,2020-09-20 04:22:56,49.9935,36.2304,14464.0,295.0,4102.0,10067.0,"Mie, Japan",0.14464,2.039546460176991
239,Miyagi,Japan,2020-09-20 04:22:56,46.6354,32.6169,790.0,20.0,436.0,334.0,"Miyagi, Japan",0.0079,2.5316455696202533
240,Miyazaki,Japan,2020-09-20 04:22:56,49.423,26.9871,4481.0,90.0,2044.0,2347.0,"Miyazaki, Japan",0.04481,2.008480249944209
241,Nagano,Japan,2020-09-20 04:22:56,34.485332,72.09169,37317.0,1258.0,35500.0,559.0,"Nagano, Japan",0.37317,3.371117721145858
242,Nagasaki,Japan,2020-09-20 04:22:56,50.053,30.7667,7611.0,156.0,4929.0,2526.0,"Nagasaki, Japan",0.07611,2.0496649586125346
243,Nara,Japan,2020-09-20 04:22:56,50.4501,30.5234,19140.0,312.0,5828.0,13000.0,"Nara, Japan",0.1914,1.6300940438871474
244,Niigata,Japan,2020-09-20 04:22:56,57.9665589,49.4074599,7769.0,120.0,5512.0,2137.0,"Niigata, Japan",0.07769,1.5446003346634058
245,Oita,Japan,2020-09-20 04:22:56,48.5079,32.2623,973.0,52.0,777.0,144.0,"Oita, Japan",0.00973,5.344295991778006
246,Okayama,Japan,2020-09-20 04:22:56,33.422519,133.367307,137.0,4.0,129.0,4.0,"Okayama, Japan",0.00137,2.9197080291970803
247,Okinawa,Japan,2020-09-20 04:22:56,63.9881421,54.3326073,7432.0,97.0,6376.0,959.0,"Okinawa, Japan",0.07432,1.3051668460710442
248,Osaka,Japan,2020-09-20 04:22:56,58.424756,44.2533273,4277.0,58.0,3148.0,1071.0,"Osaka, Japan",0.04277,1.3560907177928454
249,Port Quarantine,Japan,2020-09-20 04:22:56,45.7684014,39.0261044,12937.0,241.0,10164.0,2532.0,"Port Quarantine, Japan",0.12937,1.8628739274947823
250,Saga,Japan,2020-09-20 04:22:56,63.3233807,97.0979974,18852.0,530.0,14706.0,3616.0,"Saga, Japan",0.18852,2.8113727986420542
251,Saitama,Japan,2020-09-20 04:22:56,56.7183,14.4115,1548.0,116.0,0.0,1432.0,"Saitama, Japan",0.01548,7.493540051679587
252,Shiga,Japan,2020-09-20 04:22:56,32.608154,130.74523100000002,570.0,8.0,537.0,25.0,"Shiga, Japan",0.0057,1.4035087719298245
253,Shimane,Japan,2020-09-20 04:22:56,55.7655302,64.5632681,3472.0,26.0,2973.0,473.0,"Shimane, Japan",0.03472,0.748847926267281
254,Shizuoka,Japan,2020-09-20 04:22:56,51.6568453,36.4852695,7682.0,56.0,6483.0,1143.0,"Shizuoka, Japan",0.07682,0.7289768289507941
255,Tochigi,Japan,2020-09-20 04:22:56,35.253815,135.443341,1672.0,25.0,1554.0,93.0,"Tochigi, Japan",0.01672,1.4952153110047848
256,Tokushima,Japan,2020-09-20 04:22:56,11.3548,-72.5205,7207.0,275.0,5698.0,1234.0,"Tokushima, Japan",0.07207,3.8157347023726933
257,Tokyo,Japan,2020-09-20 04:22:56,-7.92139,-78.370238,26715.0,2158.0,0.0,24557.0,"Tokyo, Japan",0.26715,8.077858880778589
258,Tottori,Japan,2020-09-20 04:22:56,42.2871,-2.5396,7333.0,393.0,3107.0,3833.0,"Tottori, Japan",0.07333,5.359334515205236
259,Toyama,Japan,2020-09-20 04:22:56,34.1526,77.5771,3635.0,48.0,2600.0,987.0,"Toyama, Japan",0.03635,1.3204951856946356
260,Wakayama,Japan,2020-09-20 04:22:56,13.6999972,72.18333259999999,0.0,0.0,0.0,0.0,"Wakayama, Japan",0.0,
261,Yamagata,Japan,2020-09-20 04:22:56,-6.353049,-79.824113,24711.0,1650.0,0.0,23061.0,"Yamagata, Japan",0.24711,6.677188296709967
262,Yamaguchi,Japan,2020-09-20 04:22:56,41.89277044,12.48366722,14179.0,890.0,7751.0,5538.0,"Yamaguchi, Japan",0.14179,6.276888356019465
263,Yamanashi,Japan,2020-09-20 04:22:56,60.1853296,32.3925325,7519.0,91.0,5358.0,2070.0,"Yamanashi, Japan",0.07519,1.2102673227822849
264,Aguascalientes,Mexico,2020-09-20 04:22:56,41.2956,122.6085,265.0,2.0,262.0,1.0,"Aguascalientes, Mexico",0.00265,0.7547169811320755
265,Baja California,Mexico,2020-09-20 04:22:56,44.41149315,8.9326992,12407.0,1588.0,9386.0,1433.0,"Baja California, Mexico",0.12407,12.799226243249779
266,Baja California Sur,Mexico,2020-09-20 04:22:56,-11.766533,-76.60449799999998,349167.0,14009.0,0.0,335158.0,"Baja California Sur, Mexico",3.49167,4.012120274825513
267,Campeche,Mexico,2020-09-20 04:22:56,51.209227,5.93387,5990.0,760.0,0.0,5230.0,"Campeche, Mexico",0.0599,12.687813021702837
268,Chiapas,Mexico,2020-09-20 04:22:56,52.6935178,39.1122664,5715.0,37.0,5113.0,565.0,"Chiapas, Mexico",0.05715,0.647419072615923
269,Chihuahua,Mexico,2020-09-20 04:22:56,45.46679409,9.190347404,104547.0,16917.0,78695.0,8935.0,"Chihuahua, Mexico",1.04547,16.181239059944332
270,Ciudad de Mexico,Mexico,2020-09-20 04:22:56,-4.124847,-74.424115,17506.0,940.0,0.0,16566.0,"Ciudad de Mexico, Mexico",0.17506,5.369587569976008
271,Coahuila,Mexico,2020-09-20 04:22:56,-41.9198,-72.1416,8086.0,85.0,7312.0,689.0,"Coahuila, Mexico",0.08086,1.0511996042542666
272,Colima,Mexico,2020-09-20 04:22:56,-40.231,-72.3311,1500.0,15.0,1254.0,231.0,"Colima, Mexico",0.015,1.0
273,Durango,Mexico,2020-09-20 04:22:56,31.092427383437492,-91.82418665609377,160283.0,5342.0,0.0,154941.0,"Durango, Mexico",1.60283,3.3328550126962933
274,Guanajuato,Mexico,2020-09-20 04:22:56,48.574,39.3078,735.0,5.0,399.0,331.0,"Guanajuato, Mexico",0.00735,0.6802721088435374
275,Guerrero,Mexico,2020-09-20 04:22:56,49.8397,24.0297,18129.0,515.0,6040.0,11574.0,"Guerrero, Mexico",0.18129,2.8407523856804016
276,Hidalgo,Mexico,2020-09-20 04:22:56,22.1667,113.55,46.0,0.0,46.0,0.0,"Hidalgo, Mexico",0.00046,0.0
277,Jalisco,Mexico,2020-09-20 04:22:56,23.541513,78.289633,100458.0,1901.0,76952.0,21605.0,"Jalisco, Mexico",1.00458,1.8923331143363396
278,Mexico,Mexico,2020-09-20 04:22:56,-11.972699,-70.53171999999998,7366.0,136.0,0.0,7230.0,"Mexico, Mexico",0.07366,1.8463209340211784
279,Michoacan,Mexico,2020-09-20 04:22:56,40.4168,-3.7038,187045.0,8999.0,40736.0,137310.0,"Michoacan, Mexico",1.87045,4.811141703868054
280,Morelos,Mexico,2020-09-20 04:22:56,62.48858785,153.9903764,2522.0,23.0,1971.0,528.0,"Morelos, Mexico",0.02522,0.9119746233148296
281,Nayarit,Mexico,2020-09-20 04:22:56,-52.368,-70.9863,6273.0,64.0,4924.0,1285.0,"Nayarit, Mexico",0.06273,1.0202454965726127
282,Nuevo Leon,Mexico,2020-09-20 04:22:56,10.4113,-74.4057,14454.0,789.0,12119.0,1546.0,"Nuevo Leon, Mexico",0.14454,5.4586965545869655
283,Oaxaca,Mexico,2020-09-20 04:22:56,19.449759,76.108221,1167496.0,31791.0,834432.0,301273.0,"Oaxaca, Mexico",11.67496,2.7230071880331925
284,Puebla,Mexico,2020-09-20 04:22:56,44.68768840625,-69.523768628125,5034.0,139.0,0.0,4895.0,"Puebla, Mexico",0.05034,2.7612236789829163
285,Queretaro,Mexico,2020-09-20 04:22:56,24.738975,93.882541,8607.0,52.0,6629.0,1926.0,"Queretaro, Mexico",0.08607,0.6041594051353549
286,Quintana Roo,Mexico,2020-09-20 04:22:56,53.7609,-98.8139,1558.0,16.0,1211.0,331.0,"Quintana Roo, Mexico",0.01558,1.0269576379974326
287,San Luis Potosi,Mexico,2020-09-20 04:22:56,-4.9609,-45.2744,167333.0,3643.0,157810.0,5880.0,"San Luis Potosi, Mexico",1.67333,2.177095970310698
288,Sinaloa,Mexico,2020-09-20 04:22:56,43.61675973,13.5188753,7703.0,989.0,6093.0,621.0,"Sinaloa, Mexico",0.07703,12.839153576528625
289,Sonora,Mexico,2020-09-20 04:22:56,56.5767504,47.8817512,4612.0,47.0,4075.0,490.0,"Sonora, Mexico",0.04612,1.0190806591500434
290,Tabasco,Mexico,2020-09-20 04:22:56,14.6415,-61.0242,1122.0,18.0,98.0,1006.0,"Tabasco, Mexico",0.01122,1.6042780748663104
291,Tamaulipas,Mexico,2020-09-20 04:22:56,39.014920690416666,-76.67546760874998,119744.0,3876.0,0.0,115868.0,"Tamaulipas, Mexico",1.19744,3.23690539818279
292,Tlaxcala,Mexico,2020-09-20 04:22:56,42.17639998153847,-71.57704993461539,127181.0,9295.0,0.0,117886.0,"Tlaxcala, Mexico",1.27181,7.3084816128195245
293,Veracruz,Mexico,2020-09-20 04:22:56,-20.7722,-54.7852,63466.0,1162.0,56313.0,5991.0,"Veracruz, Mexico",0.63466,1.830901585100684
294,Yucatan,Mexico,2020-09-20 04:22:56,-12.6819,-56.9211,112242.0,3214.0,92468.0,16560.0,"Yucatan, Mexico",1.12242,2.863455747402933
295,Zacatecas,Mexico,2020-09-20 04:22:56,-35.5183,-71.6885,14317.0,297.0,12693.0,1327.0,"Zacatecas, Mexico",0.14317,2.0744569393029266
296,Aruba,Netherlands,2020-09-20 04:22:56,-12.8275,45.166244,3541.0,40.0,2964.0,537.0,"Aruba, Netherlands",0.03541,1.1296243998870377
297,"Bonaire, Sint Eustatius and Saba",Netherlands,2020-09-20 04:22:56,53.6127,12.4296,1105.0,20.0,1014.0,71.0,"Bonaire, Sint Eustatius and Saba, Netherlands",0.01105,1.809954751131222
298,Curacao,Netherlands,2020-09-20 04:22:56,25.536934,91.278882,4445.0,32.0,2437.0,1976.0,"Curacao, Netherlands",0.04445,0.7199100112485939
299,Drenthe,Netherlands,2020-09-20 04:22:56,35.2923,-2.9381,664.0,4.0,125.0,535.0,"Drenthe, Netherlands",0.00664,0.6024096385542169
300,Flevoland,Netherlands,2020-09-20 04:22:56,3.272,-73.0877,14066.0,366.0,11374.0,2326.0,"Flevoland, Netherlands",0.14066,2.602019053035689
301,Friesland,Netherlands,2020-09-20 04:22:56,-33.4376,-70.6505,282535.0,8998.0,269784.0,3753.0,"Friesland, Netherlands",2.82535,3.1847381740315357
302,Gelderland,Netherlands,2020-09-20 04:22:56,19.4969,-99.7233,76784.0,8936.0,64292.0,3556.0,"Gelderland, Netherlands",0.76784,11.637841216920192
303,Groningen,Netherlands,2020-09-20 04:22:56,44.04362008975902,-85.18169553542172,128087.0,6969.0,0.0,121118.0,"Groningen, Netherlands",1.28087,5.4408331836954575
304,Limburg,Netherlands,2020-09-20 04:22:56,19.5665,-101.7068,18684.0,1480.0,15891.0,1313.0,"Limburg, Netherlands",0.18684,7.921216013701563
305,Noord-Brabant,Netherlands,2020-09-20 04:22:56,34.508018,136.376013,469.0,5.0,388.0,76.0,"Noord-Brabant, Netherlands",0.00469,1.0660980810234542
306,Noord-Holland,Netherlands,2020-09-20 04:22:56,-18.5122,-44.555,268009.0,6656.0,233463.0,27890.0,"Noord-Holland, Netherlands",2.68009,2.4834986884768795
307,Overijssel,Netherlands,2020-09-20 04:22:56,45.55201297954022,-94.43095302689653,88721.0,2015.0,0.0,86706.0,"Overijssel, Netherlands",0.88721,2.2711646622558357
308,Sint Maarten,Netherlands,2020-09-20 04:22:56,32.792726566585365,-89.64572580048781,93087.0,2809.0,0.0,90278.0,"Sint Maarten, Netherlands",0.93087,3.0176071846767
309,Utrecht,Netherlands,2020-09-20 04:22:56,38.456764881637945,-92.4994868846552,112864.0,1825.0,0.0,111039.0,"Utrecht, Netherlands",1.12864,1.6169903600793876
310,Zeeland,Netherlands,2020-09-20 04:22:56,38.446859,140.927086,365.0,2.0,263.0,100.0,"Zeeland, Netherlands",0.00365,0.547945205479452
311,Zuid-Holland,Netherlands,2020-09-20 04:22:56,32.193203999999994,131.299374,365.0,1.0,340.0,24.0,"Zuid-Holland, Netherlands",0.00365,0.273972602739726
312,Azad Jammu and Kashmir,Pakistan,2020-09-20 04:22:56,23.309381,92.83822,1548.0,0.0,973.0,575.0,"Azad Jammu and Kashmir, Pakistan",0.01548,0.0
313,Balochistan,Pakistan,2020-09-20 04:22:56,41.55774754,14.65916051,586.0,23.0,459.0,104.0,"Balochistan, Pakistan",0.00586,3.9249146757679183
314,Gilgit-Baltistan,Pakistan,2020-09-20 04:22:56,46.97469113196428,-109.70039488214286,10163.0,156.0,0.0,10007.0,"Gilgit-Baltistan, Pakistan",0.10163,1.5349798287907115
315,Islamabad,Pakistan,2020-09-20 04:22:56,16.742498,-62.187366,13.0,1.0,12.0,0.0,"Islamabad, Pakistan",0.00013,7.6923076923076925
316,Khyber Pakhtunkhwa,Pakistan,2020-09-20 04:22:56,-16.860271,-70.839046,11703.0,253.0,0.0,11450.0,"Khyber Pakhtunkhwa, Pakistan",0.11703,2.161838844740665
317,Punjab,Pakistan,2020-09-20 04:22:56,54.4419829,44.4661144,6057.0,40.0,5025.0,992.0,"Punjab, Pakistan",0.06057,0.6603929337956084
318,Sindh,Pakistan,2020-09-20 04:22:56,18.6813,-99.1013,5699.0,1054.0,4449.0,196.0,"Sindh, Pakistan",0.05699,18.494472714511318
319,Amazonas,Peru,2020-09-20 04:22:56,55.50431579999999,38.0353929,71348.0,1278.0,54355.0,15715.0,"Amazonas, Peru",0.71348,1.7912204967203007
320,Ancash,Peru,2020-09-20 04:22:56,55.7504461,37.6174943,275633.0,5044.0,236055.0,34534.0,"Ancash, Peru",2.75633,1.829969560974194
321,Apurimac,Peru,2020-09-20 04:22:56,37.9922,-1.1307,13371.0,193.0,2180.0,10998.0,"Apurimac, Peru",0.13371,1.4434223319123476
322,Arequipa,Peru,2020-09-20 04:22:56,68.00004179999999,33.9999151,14138.0,194.0,11694.0,2250.0,"Arequipa, Peru",0.14138,1.37218842834913
323,Ayacucho,Peru,2020-09-20 04:22:56,46.975,31.9946,2374.0,57.0,815.0,1502.0,"Ayacucho, Peru",0.02374,2.401010951979781
324,Cajamarca,Peru,2020-09-20 04:22:56,26.06702,94.470302,5357.0,15.0,4129.0,1213.0,"Cajamarca, Peru",0.05357,0.2800074668657831
325,Callao,Peru,2020-09-20 04:22:56,36.132134,138.045528,300.0,1.0,296.0,3.0,"Callao, Peru",0.003,0.33333333333333337
326,Cusco,Peru,2020-09-20 04:22:56,33.235712,129.608033,236.0,3.0,227.0,6.0,"Cusco, Peru",0.00236,1.2711864406779663
327,Huancavelica,Peru,2020-09-20 04:22:56,34.317451,135.871644,552.0,9.0,527.0,16.0,"Huancavelica, Peru",0.00552,1.6304347826086956
328,Huanuco,Peru,2020-09-20 04:22:56,1.2892,-77.3579,17412.0,638.0,14545.0,2229.0,"Huanuco, Peru",0.17412,3.6641396737881924
329,Ica,Peru,2020-09-20 04:22:56,42.6954,-1.6761,14205.0,553.0,3905.0,9747.0,"Ica, Peru",0.14205,3.8929954241464273
330,Junin,Peru,2020-09-20 04:22:56,21.7514,-104.8455,5642.0,695.0,4662.0,285.0,"Junin, Peru",0.05642,12.318326834455867
331,La Libertad,Peru,2020-09-20 04:22:56,41.321794947204275,-99.03901222387097,40797.0,442.0,0.0,40355.0,"La Libertad, Peru",0.40797,1.0834129960536314
332,Lambayeque,Peru,2020-09-20 04:22:56,68.27557185,57.1686375,324.0,0.0,114.0,210.0,"Lambayeque, Peru",0.00324,0.0
333,Lima,Peru,2020-09-20 04:22:56,39.25599674470589,-117.5639935352941,75419.0,1528.0,0.0,73891.0,"Lima, Peru",0.75419,2.0260146647396544
334,Loreto,Peru,2020-09-20 04:22:56,46.5653,-66.4619,194.0,2.0,192.0,0.0,"Loreto, Peru",0.00194,1.0309278350515463
335,Madre de Dios,Peru,2020-09-20 04:22:56,-20.904305,165.618042,26.0,0.0,26.0,0.0,"Madre de Dios, Peru",0.00026,0.0
336,Moquegua,Peru,2020-09-20 04:22:56,43.478972876,-71.57765670500001,7920.0,438.0,0.0,7482.0,"Moquegua, Peru",0.0792,5.53030303030303
337,Pasco,Peru,2020-09-20 04:22:56,40.286440910952386,-74.62244971476191,199309.0,16064.0,0.0,183245.0,"Pasco, Peru",1.99309,8.059846770592397
338,Piura,Peru,2020-09-20 04:22:56,34.54935897878787,-105.88710740909092,27512.0,847.0,0.0,26665.0,"Piura, Peru",0.27512,3.0786565862169235
339,Puno,Peru,2020-09-20 04:22:56,-33.8688,151.2093,4200.0,53.0,2994.0,1153.0,"Puno, Peru",0.042,1.2619047619047619
340,San Martin,Peru,2020-09-20 04:22:56,42.5441513332258,-75.47418330774194,449038.0,33081.0,0.0,415957.0,"San Martin, Peru",4.49038,7.367082518628713
341,Tacna,Peru,2020-09-20 04:22:56,53.1355,-57.6604,272.0,3.0,267.0,2.0,"Tacna, Peru",0.00272,1.1029411764705883
342,Tumbes,Peru,2020-09-20 04:22:56,52.6367,9.8451,18775.0,669.0,16482.0,1624.0,"Tumbes, Peru",0.18775,3.563249001331558
343,Ucayali,Peru,2020-09-20 04:22:56,37.521819,138.918647,162.0,0.0,144.0,18.0,"Ucayali, Peru",0.00162,0.0
344,Adygea Republic,Russia,2020-09-20 04:22:56,37.2692,106.1655,75.0,0.0,75.0,0.0,"Adygea Republic, Russia",0.00075,0.0
345,Altai Krai,Russia,2020-09-20 04:22:56,55.47180329999999,44.0911594,30599.0,543.0,27156.0,2900.0,"Altai Krai, Russia",0.30599,1.7745677963332134
346,Altai Republic,Russia,2020-09-20 04:22:56,51.561174,5.184942,14278.0,1552.0,0.0,12726.0,"Altai Republic, Russia",0.14278,10.869869729654013
347,Amur Oblast,Russia,2020-09-20 04:22:56,52.60090600000001,4.918688,18087.0,840.0,0.0,17247.0,"Amur Oblast, Russia",0.18087,4.644219605241333
348,Arkhangelsk Oblast,Russia,2020-09-20 04:22:56,51.4332,7.6616,64692.0,1844.0,58524.0,4324.0,"Arkhangelsk Oblast, Russia",0.64692,2.8504297285599454
349,Astrakhan Oblast,Russia,2020-09-20 04:22:56,66.8309,20.3992,1685.0,88.0,0.0,1597.0,"Astrakhan Oblast, Russia",0.01685,5.222551928783383
350,Bashkortostan Republic,Russia,2020-09-20 04:22:56,7.9463,-72.8988,14427.0,831.0,11890.0,1706.0,"Bashkortostan Republic, Russia",0.14427,5.760033270950301
351,Belgorod Oblast,Russia,2020-09-20 04:22:56,35.62420971000002,-79.50109873960002,192247.0,3235.0,0.0,189012.0,"Belgorod Oblast, Russia",1.92247,1.6827310699256686
352,Bryansk Oblast,Russia,2020-09-20 04:22:56,47.39350672792453,-100.2493934356604,17607.0,192.0,0.0,17415.0,"Bryansk Oblast, Russia",0.17607,1.090475379110581
353,Buryatia Republic,Russia,2020-09-20 04:22:56,42.79336110000001,44.6324493,5440.0,68.0,4607.0,765.0,"Buryatia Republic, Russia",0.0544,1.25
354,Chechen Republic,Russia,2020-09-20 04:22:56,54.7877,-6.4923,9165.0,575.0,0.0,8590.0,"Chechen Republic, Russia",0.09165,6.2738679759956355
355,Chelyabinsk Oblast,Russia,2020-09-20 04:22:56,15.0979,145.6739,68.0,2.0,0.0,66.0,"Chelyabinsk Oblast, Russia",0.00068,2.941176470588235
356,Chukotka Autonomous Okrug,Russia,2020-09-20 04:22:56,-12.4634,130.8456,33.0,0.0,31.0,2.0,"Chukotka Autonomous Okrug, Russia",0.00033,0.0
357,Chuvashia Republic,Russia,2020-09-20 04:22:56,64.8255,-124.8457,5.0,0.0,5.0,0.0,"Chuvashia Republic, Russia",5e-05,0.0
358,Dagestan Republic,Russia,2020-09-20 04:22:56,44.682,-63.7443,1086.0,65.0,1021.0,0.0,"Dagestan Republic, Russia",0.01086,5.985267034990792
359,Ingushetia Republic,Russia,2020-09-20 04:22:56,58.2843833,32.5169757,4832.0,86.0,3539.0,1207.0,"Ingushetia Republic, Russia",0.04832,1.7798013245033113
360,Irkutsk Oblast,Russia,2020-09-20 04:22:56,54.9720169,79.48139240000002,12410.0,410.0,11289.0,711.0,"Irkutsk Oblast, Russia",0.1241,3.30378726833199
361,Ivanovo Oblast,Russia,2020-09-20 04:22:56,-36.7226,-71.7622,5881.0,105.0,5223.0,553.0,"Ivanovo Oblast, Russia",0.05881,1.785410644448223
362,Jewish Autonomous Okrug,Russia,2020-09-20 04:22:56,25.5922,-99.9962,35910.0,2820.0,30263.0,2827.0,"Jewish Autonomous Okrug, Russia",0.3591,7.852965747702589
363,Kabardino-Balkarian Republic,Russia,2020-09-20 04:22:56,-34.5755,-71.0022,15386.0,383.0,14218.0,785.0,"Kabardino-Balkarian Republic, Russia",0.15386,2.4892759651631353
364,Kaliningrad Oblast,Russia,2020-09-20 04:22:56,17.0732,-96.7266,15374.0,1356.0,13292.0,726.0,"Kaliningrad Oblast, Russia",0.15374,8.820085859242878
365,Kalmykia Republic,Russia,2020-09-20 04:22:56,46.4846,30.7326,11205.0,160.0,2424.0,8621.0,"Kalmykia Republic, Russia",0.11205,1.42793395805444
366,Kaluga Oblast,Russia,2020-09-20 04:22:56,20.505428,84.418059,171341.0,682.0,137567.0,33092.0,"Kaluga Oblast, Russia",1.71341,0.39803666372905494
367,Kamchatka Krai,Russia,2020-09-20 04:22:56,40.310669812954565,-82.83540800659091,143547.0,4612.0,0.0,138935.0,"Kamchatka Krai, Russia",1.43547,3.212884978439118
368,Karachay-Cherkess Republic,Russia,2020-09-20 04:22:56,33.200697,131.43323999999998,158.0,2.0,151.0,5.0,"Karachay-Cherkess Republic, Russia",0.00158,1.2658227848101267
369,Karelia Republic,Russia,2020-09-20 04:22:56,34.89246,133.826252,148.0,1.0,146.0,1.0,"Karelia Republic, Russia",0.00148,0.6756756756756757
370,Kemerovo Oblast,Russia,2020-09-20 04:22:56,25.768923,126.668016,2343.0,45.0,2139.0,159.0,"Kemerovo Oblast, Russia",0.02343,1.9206145966709345
371,Khabarovsk Krai,Russia,2020-09-20 04:22:56,35.50191442597403,-97.2513995677922,75804.0,943.0,0.0,74861.0,"Khabarovsk Krai, Russia",0.75804,1.243997678222785
372,Khakassia Republic,Russia,2020-09-20 04:22:56,56.09352629999999,73.5099936,10190.0,261.0,8917.0,1012.0,"Khakassia Republic, Russia",0.1019,2.5613346418056917
373,Khanty-Mansi Autonomous Okrug,Russia,2020-09-20 04:22:56,51.2538,-85.3232,48317.0,2876.0,42573.0,2868.0,"Khanty-Mansi Autonomous Okrug, Russia",0.48317,5.952356313512842
374,Kirov Oblast,Russia,2020-09-20 04:22:56,59.535,15.0066,2860.0,172.0,0.0,2688.0,"Kirov Oblast, Russia",0.0286,6.013986013986014
375,Komi Republic,Russia,2020-09-20 04:22:56,44.49240067472221,-121.47691959722222,30342.0,521.0,0.0,29821.0,"Komi Republic, Russia",0.30342,1.7170918199195833
376,Kostroma Oblast,Russia,2020-09-20 04:22:56,52.96854329999999,36.0692477,7975.0,122.0,6365.0,1488.0,"Kostroma Oblast, Russia",0.07975,1.5297805642633229
377,Krasnodar Krai,Russia,2020-09-20 04:22:56,52.02692620000001,54.7276647,11729.0,82.0,10667.0,980.0,"Krasnodar Krai, Russia",0.11729,0.6991218347685225
378,Krasnoyarsk Krai,Russia,2020-09-20 04:22:56,34.620965000000005,135.507481,10001.0,192.0,9014.0,795.0,"Krasnoyarsk Krai, Russia",0.10001,1.9198080191980802
379,Kurgan Oblast,Russia,2020-09-20 04:22:56,58.3454,15.5198,3954.0,277.0,0.0,3677.0,"Kurgan Oblast, Russia",0.03954,7.005563985837126
380,Kursk Oblast,Russia,2020-09-20 04:22:56,52.444558,6.441722,4041.0,314.0,0.0,3727.0,"Kursk Oblast, Russia",0.04041,7.770353872803762
381,Leningrad Oblast,Russia,2020-09-20 04:22:56,46.49933453,11.35662422,3281.0,292.0,2584.0,405.0,"Leningrad Oblast, Russia",0.03281,8.899725693386163
382,Lipetsk Oblast,Russia,2020-09-20 04:22:56,46.06893511,11.12123097,5689.0,405.0,4750.0,534.0,"Lipetsk Oblast, Russia",0.05689,7.119001582000352
383,Magadan Oblast,Russia,2020-09-20 04:22:56,42.9896,-2.6189,39430.0,1749.0,16160.0,21521.0,"Magadan Oblast, Russia",0.3943,4.435708851128582
384,Mari El Republic,Russia,2020-09-20 04:22:56,-1.9981,-54.9306,220205.0,6451.0,204728.0,9026.0,"Mari El Republic, Russia",2.20205,2.9295429259099475
385,Mordovia Republic,Russia,2020-09-20 04:22:56,-7.24,-36.782,116588.0,2695.0,89305.0,24588.0,"Mordovia Republic, Russia",1.16588,2.3115586509760866
386,Moscow,Russia,2020-09-20 04:22:56,-25.2521,-52.0215,163479.0,4093.0,114358.0,45028.0,"Moscow, Russia",1.63479,2.5036854886560356
387,Moscow Oblast,Russia,2020-09-20 04:22:56,-10.39655,-75.307635,4657.0,100.0,0.0,4557.0,"Moscow Oblast, Russia",0.04657,2.1473051320592655
388,Murmansk Oblast,Russia,2020-09-20 04:22:56,40.81807835477611,-77.61531783850747,154236.0,7940.0,0.0,146296.0,"Murmansk Oblast, Russia",1.54236,5.147955081822661
389,Nenets Autonomous Okrug,Russia,2020-09-20 04:22:56,53.1655415,44.78791810000001,9875.0,122.0,8479.0,1274.0,"Nenets Autonomous Okrug, Russia",0.09875,1.2354430379746837
390,Nizhny Novgorod Oblast,Russia,2020-09-20 04:22:56,58.5951603,56.3159546,9012.0,248.0,6244.0,2520.0,"Nizhny Novgorod Oblast, Russia",0.09012,2.7518863737239236
391,North Ossetia - Alania Republic,Russia,2020-09-20 04:22:56,-8.8137,-36.9541,141042.0,8004.0,122512.0,10526.0,"North Ossetia - Alania Republic, Russia",1.41042,5.674905347343344
392,Novgorod Oblast,Russia,2020-09-20 04:22:56,-7.7183,-42.7289,90061.0,2025.0,87492.0,544.0,"Novgorod Oblast, Russia",0.90061,2.248476032911027
393,Novosibirsk Oblast,Russia,2020-09-20 04:22:56,45.0732745,7.680687483,34241.0,4154.0,27783.0,2304.0,"Novosibirsk Oblast, Russia",0.34241,12.131655033439444
394,Omsk Oblast,Russia,2020-09-20 04:22:56,-5.133361,-80.335861,33299.0,1911.0,0.0,31388.0,"Omsk Oblast, Russia",0.33299,5.738911078410763
395,Orel Oblast,Russia,2020-09-20 04:22:56,49.5883,34.5514,1461.0,33.0,714.0,714.0,"Orel Oblast, Russia",0.01461,2.2587268993839835
396,Orenburg Oblast,Russia,2020-09-20 04:22:56,,,887.0,1.0,514.0,372.0,"Orenburg Oblast, Russia",0.00887,0.11273957158962795
397,Penza Oblast,Russia,2020-09-20 04:22:56,45.0819456,134.726645,10985.0,113.0,9419.0,1453.0,"Penza Oblast, Russia",0.10985,1.028675466545289
398,Perm Krai,Russia,2020-09-20 04:22:56,46.5107,-63.4168,57.0,0.0,56.0,1.0,"Perm Krai, Russia",0.00057,0.0
399,Primorsky Krai,Russia,2020-09-20 04:22:56,57.5358729,28.8586826,5091.0,65.0,3887.0,1139.0,"Primorsky Krai, Russia",0.05091,1.2767629149479474
400,Pskov Oblast,Russia,2020-09-20 04:22:56,11.882658,78.86498,21913.0,462.0,16715.0,4736.0,"Pskov Oblast, Russia",0.21913,2.108337516542692
401,Rostov Oblast,Russia,2020-09-20 04:22:56,19.0414,-98.2063,29938.0,3916.0,25066.0,956.0,"Rostov Oblast, Russia",0.29938,13.080366089919165
402,Ryazan Oblast,Russia,2020-09-20 04:22:56,18.240118884615384,-66.40498556410255,40993.0,605.0,0.0,40388.0,"Ryazan Oblast, Russia",0.40993,1.4758617324909131
403,Saint Petersburg,Russia,2020-09-20 04:22:56,41.12559576,16.86736689,6944.0,578.0,4278.0,2088.0,"Saint Petersburg, Russia",0.06944,8.323732718894009
404,Sakha (Yakutiya) Republic,Russia,2020-09-20 04:22:56,30.841465000000003,75.40879,92833.0,2708.0,68463.0,21662.0,"Sakha (Yakutiya) Republic, Russia",0.92833,2.9170661295013627
405,Sakhalin Oblast,Russia,2020-09-20 04:22:56,30.811346,72.13913199999998,98368.0,2226.0,94773.0,1369.0,"Sakhalin Oblast, Russia",0.98368,2.2629310344827585
406,Samara Oblast,Russia,2020-09-20 04:22:56,-14.995826999999998,-69.922726,11588.0,278.0,0.0,11310.0,"Samara Oblast, Russia",0.11588,2.399033482913359
407,Saratov Oblast,Russia,2020-09-20 04:22:56,0.436,-75.5277,3619.0,160.0,3065.0,394.0,"Saratov Oblast, Russia",0.03619,4.421110804089527
408,Smolensk Oblast,Russia,2020-09-20 04:22:56,35.7452,95.9956,18.0,0.0,18.0,0.0,"Smolensk Oblast, Russia",0.00018,0.0
409,Stavropol Krai,Russia,2020-09-20 04:22:56,52.9399,-73.5491,67080.0,5797.0,58490.0,2793.0,"Stavropol Krai, Russia",0.6708,8.641920095408468
410,Sverdlovsk Oblast,Russia,2020-09-20 04:22:56,-27.4698,153.0251,1152.0,6.0,1123.0,23.0,"Sverdlovsk Oblast, Russia",0.01152,0.5208333333333333
411,Tambov Oblast,Russia,2020-09-20 04:22:56,20.5888,-100.3899,8152.0,917.0,6702.0,533.0,"Tambov Oblast, Russia",0.08152,11.248773307163887
412,Tatarstan Republic,Russia,2020-09-20 04:22:56,4.461,-75.6674,2531.0,76.0,1571.0,884.0,"Tatarstan Republic, Russia",0.02531,3.00276570525484
413,Tomsk Oblast,Russia,2020-09-20 04:22:56,19.1817,-88.4791,11290.0,1573.0,9361.0,356.0,"Tomsk Oblast, Russia",0.1129,13.932683790965456
414,Tula Oblast,Russia,2020-09-20 04:22:56,26.583423,73.847973,111290.0,1308.0,92265.0,17717.0,"Tula Oblast, Russia",1.1129,1.1753077545152304
415,Tver Oblast,Russia,2020-09-20 04:22:56,,,0.0,0.0,2577446.0,-2577446.0,"Tver Oblast, Russia",0.0,
416,Tyumen Oblast,Russia,2020-09-20 04:22:56,-21.1151,55.5364,3194.0,15.0,2482.0,697.0,"Tyumen Oblast, Russia",0.03194,0.469630557294928
417,Tyva Republic,Russia,2020-09-20 04:22:56,50.1183,7.309,10075.0,247.0,9057.0,771.0,"Tyva Republic, Russia",0.10075,2.4516129032258065
418,Udmurt Republic,Russia,2020-09-20 04:22:56,41.655142106,-71.464105098,23620.0,1088.0,0.0,22532.0,"Udmurt Republic, Russia",0.2362,4.606265876375953
419,Ulyanovsk Oblast,Russia,2020-09-20 04:22:56,-5.4026,-36.9541,66963.0,2348.0,39924.0,24691.0,"Ulyanovsk Oblast, Russia",0.66963,3.5064139898152713
420,Vladimir Oblast,Russia,2020-09-20 04:22:56,-30.0346,-51.2177,174140.0,4371.0,159153.0,10616.0,"Vladimir Oblast, Russia",1.7414,2.510049385551855
421,Volgograd Oblast,Russia,2020-09-20 04:22:56,-22.9068,-43.1729,251261.0,17634.0,228258.0,5369.0,"Volgograd Oblast, Russia",2.51261,7.018200198200278
422,Vologda Oblast,Russia,2020-09-20 04:22:56,5.3158,-75.9928,9468.0,195.0,6938.0,2335.0,"Vologda Oblast, Russia",0.09468,2.0595690747782003
423,Voronezh Oblast,Russia,2020-09-20 04:22:56,50.6199,26.2516,11015.0,151.0,8576.0,2288.0,"Voronezh Oblast, Russia",0.11015,1.3708579210167953
424,Yamalo-Nenets Autonomous Okrug,Russia,2020-09-20 04:22:56,-11.5057,-63.5806,62697.0,1297.0,52932.0,8468.0,"Yamalo-Nenets Autonomous Okrug, Russia",0.62697,2.068679522146195
425,Yaroslavl Oblast,Russia,2020-09-20 04:22:56,-2.7376,-62.0751,48088.0,613.0,15164.0,32311.0,"Yaroslavl Oblast, Russia",0.48088,1.2747462984528364
426,Zabaykalsky Krai,Russia,2020-09-20 04:22:56,47.6222451,40.7957942,19885.0,436.0,16054.0,3395.0,"Zabaykalsky Krai, Russia",0.19885,2.1926074930852404
427,Andalusia,Spain,2020-09-20 04:22:56,54.42267320000001,40.57052460000001,7747.0,47.0,6565.0,1135.0,"Andalusia, Spain",0.07747,0.6066864592745579
428,Aragon,Spain,2020-09-20 04:22:56,49.3964,7.023,3275.0,176.0,3003.0,96.0,"Aragon, Spain",0.03275,5.374045801526718
429,Asturias,Spain,2020-09-20 04:22:56,51.1045,13.2017,6658.0,226.0,5826.0,606.0,"Asturias, Spain",0.06658,3.3944127365575247
430,Baleares,Spain,2020-09-20 04:22:56,51.9503,11.6923,2423.0,66.0,2213.0,144.0,"Baleares, Spain",0.02423,2.723895996698308
431,C. Valenciana,Spain,2020-09-20 04:22:56,33.286977,130.115738,243.0,0.0,243.0,0.0,"C. Valenciana, Spain",0.00243,0.0
432,Canarias,Spain,2020-09-20 04:22:56,17.9,-62.8333,23.0,0.0,16.0,7.0,"Canarias, Spain",0.00023,0.0
433,Cantabria,Spain,2020-09-20 04:22:56,59.9606739,30.158655100000004,40517.0,2762.0,27717.0,10038.0,"Cantabria, Spain",0.40517,6.816891675099342
434,Castilla - La Mancha,Spain,2020-09-20 04:22:56,46.8852,-56.3159,11.0,0.0,5.0,6.0,"Castilla - La Mancha, Spain",0.00011,0.0
435,Castilla y Leon,Spain,2020-09-20 04:22:56,35.997101,139.347635,4424.0,100.0,4011.0,313.0,"Castilla y Leon, Spain",0.04424,2.2603978300180834
436,Catalonia,Spain,2020-09-20 04:22:56,66.941626,129.642371,8536.0,93.0,6632.0,1811.0,"Catalonia, Spain",0.08536,1.0895032802249298
437,Ceuta,Spain,2020-09-20 04:22:56,49.7219665,143.448533,5206.0,0.0,3679.0,1527.0,"Ceuta, Spain",0.05206,0.0
438,Extremadura,Spain,2020-09-20 04:22:56,53.2128813,50.8914633,10550.0,172.0,8210.0,2168.0,"Extremadura, Spain",0.1055,1.6303317535545023
439,Galicia,Spain,2020-09-20 04:22:56,12.5567,-81.7185,841.0,9.0,337.0,495.0,"Galicia, Spain",0.00841,1.070154577883472
440,La Rioja,Spain,2020-09-20 04:22:56,22.1565,-100.9855,21524.0,1531.0,19097.0,896.0,"La Rioja, Spain",0.21524,7.112990150529641
441,Madrid,Spain,2020-09-20 04:22:56,-7.039531,-76.729127,16297.0,686.0,0.0,15611.0,"Madrid, Spain",0.16297,4.20936368656808
442,Melilla,Spain,2020-09-20 04:22:56,-27.2423,-50.2189,205250.0,2635.0,194520.0,8095.0,"Melilla, Spain",2.0525,1.2838002436053593
443,Murcia,Spain,2020-09-20 04:22:56,6.6437,-73.6536,27012.0,1158.0,20338.0,5516.0,"Murcia, Spain",0.27012,4.286983562860951
444,Navarra,Spain,2020-09-20 04:22:56,-23.5505,-46.6333,931673.0,33927.0,780448.0,117298.0,"Navarra, Spain",9.31673,3.6415137070624564
445,Pais Vasco,Spain,2020-09-20 04:22:56,51.6520555,46.86319520000001,14332.0,93.0,9477.0,4762.0,"Pais Vasco, Spain",0.14332,0.6488975718671505
446,Blekinge,Sweden,2020-09-20 04:22:56,39.21531192,9.110616306,3167.0,141.0,1431.0,1595.0,"Blekinge, Sweden",0.03167,4.452162930217872
447,Dalarna,Sweden,2020-09-20 04:22:56,52.9399,-106.4509,1787.0,24.0,1642.0,121.0,"Dalarna, Sweden",0.01787,1.3430330162283157
448,Gavleborg,Sweden,2020-09-20 04:22:56,54.2194,9.6961,4384.0,161.0,3981.0,242.0,"Gavleborg, Sweden",0.04384,3.6724452554744524
449,Gotland,Sweden,2020-09-20 04:22:56,56.4907,-4.2026,24126.0,2505.0,0.0,21621.0,"Gotland, Sweden",0.24126,10.38298930614275
450,Halland,Sweden,2020-09-20 04:22:56,-10.5741,-37.3857,75772.0,1976.0,68932.0,4864.0,"Halland, Sweden",0.75772,2.6078234704112337
451,Jamtland Harjedalen,Sweden,2020-09-20 04:22:56,44.6054,33.522,763.0,22.0,517.0,224.0,"Jamtland Harjedalen, Sweden",0.00763,2.8833551769331587
452,Jonkoping,Sweden,2020-09-20 04:22:56,35.1917,108.8701,399.0,3.0,372.0,24.0,"Jonkoping, Sweden",0.00399,0.7518796992481203
453,Kalmar,Sweden,2020-09-20 04:22:56,36.3427,118.1498,831.0,7.0,815.0,9.0,"Kalmar, Sweden",0.00831,0.842358604091456
454,Kronoberg,Sweden,2020-09-20 04:22:56,31.202,121.4491,972.0,7.0,916.0,49.0,"Kronoberg, Sweden",0.00972,0.720164609053498
455,Norrbotten,Sweden,2020-09-20 04:22:56,37.5777,112.2922,203.0,0.0,203.0,0.0,"Norrbotten, Sweden",0.00203,0.0
456,Orebro,Sweden,2020-09-20 04:22:56,35.21582700000001,136.138064,477.0,7.0,448.0,22.0,"Orebro, Sweden",0.00477,1.4675052410901468
457,Ostergotland,Sweden,2020-09-20 04:22:56,35.07076,132.55406399999998,137.0,0.0,137.0,0.0,"Ostergotland, Sweden",0.00137,0.0
458,Skane,Sweden,2020-09-20 04:22:56,34.916975,138.40778400000002,519.0,2.0,494.0,23.0,"Skane, Sweden",0.00519,0.3853564547206166
459,Sormland,Sweden,2020-09-20 04:22:56,30.6171,102.7103,672.0,3.0,652.0,17.0,"Sormland, Sweden",0.00672,0.4464285714285714
460,Stockholm,Sweden,2020-09-20 04:22:56,38.11569725,13.362356699999998,5846.0,296.0,3318.0,2232.0,"Stockholm, Sweden",0.05846,5.063291139240507
461,Uppsala,Sweden,2020-09-20 04:22:56,27.571671,88.472712,2303.0,24.0,1857.0,422.0,"Uppsala, Sweden",0.02303,1.0421189752496742
462,Varmland,Sweden,2020-09-20 04:22:56,25.1721,-107.4795,17772.0,3031.0,14186.0,555.0,"Varmland, Sweden",0.17772,17.054917848300697
463,Vasterbotten,Sweden,2020-09-20 04:22:56,26.009446,68.77680699999999,133626.0,2459.0,128239.0,2928.0,"Vasterbotten, Sweden",1.33626,1.8402107374313383
464,Vasternorrland,Sweden,2020-09-20 04:22:56,18.0425,-63.0548,584.0,20.0,488.0,76.0,"Vasternorrland, Sweden",0.00584,3.4246575342465753
465,Vastmanland,Sweden,2020-09-20 04:22:56,55.9903,13.5958,5366.0,276.0,0.0,5090.0,"Vastmanland, Sweden",0.05366,5.143496086470369
466,Vastra Gotaland,Sweden,2020-09-20 04:22:56,55.03434960000001,33.0192065,6408.0,137.0,5627.0,644.0,"Vastra Gotaland, Sweden",0.06408,2.137952559300874
467,Alabama,United States,2020-09-20 04:22:56,29.2972,-110.3309,23749.0,2827.0,20240.0,682.0,"Alabama, United States",0.23749,11.90365910143585
468,Alaska,United States,2020-09-20 04:22:56,59.0336,16.7519,2460.0,254.0,0.0,2206.0,"Alaska, United States",0.0246,10.325203252032521
469,Arizona,United States,2020-09-20 04:22:56,-34.9285,138.6007,466.0,4.0,462.0,0.0,"Arizona, United States",0.00466,0.8583690987124464
470,Arkansas,United States,2020-09-20 04:22:56,33.957472131086966,-80.9833996921739,137240.0,3188.0,0.0,134052.0,"Arkansas, United States",1.3724,2.32293791897406
471,California,United States,2020-09-20 04:22:56,44.27269492727272,-99.31063618348485,18444.0,200.0,0.0,18244.0,"California, United States",0.18444,1.0843634786380394
472,Colorado,United States,2020-09-20 04:22:56,18.0708,-63.0501,330.0,6.0,206.0,118.0,"Colorado, United States",0.0033,1.8181818181818181
473,Connecticut,United States,2020-09-20 04:22:56,44.86325770000001,43.4406913,14487.0,287.0,10225.0,3975.0,"Connecticut, United States",0.14487,1.981086491337061
474,Delaware,United States,2020-09-20 04:22:56,59.6025,18.1384,23739.0,2400.0,0.0,21339.0,"Delaware, United States",0.23739,10.109945659042083
475,Diamond Princess,United States,2020-08-04 02:27:56,8.814,-74.7233,13512.0,559.0,11964.0,989.0,"Diamond Princess, United States",0.13512,4.137063351095323
476,District of Columbia,United States,2020-09-20 04:22:56,50.9077,34.7981,2916.0,50.0,1302.0,1564.0,"District of Columbia, United States",0.02916,1.7146776406035666
477,Florida,United States,2020-09-20 04:22:56,58.6414755,61.8021546,27679.0,567.0,21087.0,6025.0,"Florida, United States",0.27679,2.0484844105639657
478,Georgia,United States,2020-09-20 04:22:56,17.8409,-92.6189,30753.0,2745.0,27115.0,893.0,"Georgia, United States",0.30753,8.925958443078724
479,Grand Princess,United States,2020-08-04 02:27:56,-17.644160999999997,-70.27756,11012.0,194.0,0.0,10818.0,"Grand Princess, United States",0.11012,1.7617144932800581
480,Guam,United States,2020-09-20 04:22:56,24.2669,-98.8363,27645.0,2059.0,24678.0,908.0,"Guam, United States",0.27645,7.448001446916259
481,Hawaii,United States,2020-09-20 04:22:56,52.9019574,41.3578918,7288.0,46.0,6392.0,850.0,"Hawaii, United States",0.07288,0.6311745334796927
482,Idaho,United States,2020-09-20 04:22:56,11.006091,78.400624,530908.0,8685.0,475717.0,46506.0,"Idaho, United States",5.30908,1.6358766490616077
483,Illinois,United States,2020-09-20 04:22:56,-19.9232,-69.5132,11401.0,218.0,10898.0,285.0,"Illinois, United States",0.11401,1.912112972546268
484,Indiana,United States,2020-09-20 04:22:56,-42.8821,147.3272,230.0,13.0,217.0,0.0,"Indiana, United States",0.0023,5.6521739130434785
485,Iowa,United States,2020-09-20 04:22:56,55.7648572,52.43104273,6974.0,45.0,5898.0,1031.0,"Iowa, United States",0.06974,0.6452537998279323
486,Kansas,United States,2020-09-20 04:22:56,18.1124,79.0193,169169.0,1025.0,137508.0,30636.0,"Kansas, United States",1.69169,0.6059029727668781
487,Kentucky,United States,2020-09-20 04:22:56,35.88510221221052,-86.10872298863156,181439.0,2216.0,0.0,179223.0,"Kentucky, United States",1.81439,1.2213471194175454
488,Louisiana,United States,2020-09-20 04:22:56,49.5535,25.5948,11016.0,133.0,4862.0,6021.0,"Louisiana, United States",0.11016,1.2073347857661585
489,Maine,United States,2020-09-20 04:22:56,31.660643442283458,-98.65306860334638,707940.0,15051.0,0.0,692889.0,"Maine, United States",7.0794,2.1260276294601237
490,Maryland,United States,2020-09-20 04:22:56,51.011,10.8453,3919.0,189.0,3532.0,198.0,"Maryland, United States",0.03919,4.82265884154121
491,Massachusetts,United States,2020-09-20 04:22:56,39.3054,117.323,237.0,3.0,226.0,8.0,"Massachusetts, United States",0.00237,1.2658227848101267
492,Michigan,United States,2020-09-20 04:22:56,31.6927,88.0924,1.0,0.0,1.0,0.0,"Michigan, United States",1e-05,0.0
493,Minnesota,United States,2020-09-20 04:22:56,19.3139,-98.2404,7165.0,1002.0,5994.0,169.0,"Minnesota, United States",0.07165,13.984647592463364
494,Mississippi,United States,2020-09-20 04:22:56,-10.1753,-48.2982,63167.0,866.0,45266.0,17035.0,"Mississippi, United States",0.63167,1.3709690186331471
495,Missouri,United States,2020-09-20 04:22:56,36.689912,139.819213,385.0,1.0,313.0,71.0,"Missouri, United States",0.00385,0.2597402597402597
496,Montana,United States,2020-09-20 04:22:56,33.919178,134.242091,147.0,9.0,107.0,31.0,"Montana, United States",0.00147,6.122448979591836
497,Nebraska,United States,2020-09-20 04:22:56,35.711343,139.446921,24056.0,390.0,21208.0,2458.0,"Nebraska, United States",0.24056,1.6212171599600933
498,Nevada,United States,2020-09-20 04:22:56,4.0925,-75.1545,10862.0,277.0,8129.0,2456.0,"Nevada, United States",0.10862,2.550174921745535
499,New Hampshire,United States,2020-09-20 04:22:56,58.6124279,82.04753149999998,6713.0,78.0,5462.0,1173.0,"New Hampshire, United States",0.06713,1.161924623864144
500,New Jersey,United States,2020-09-20 04:22:56,43.76923077,11.25588885,13665.0,1152.0,9686.0,2827.0,"New Jersey, United States",0.13665,8.430296377607025
501,New Mexico,United States,2020-09-20 04:22:56,35.359069,133.863619,36.0,0.0,23.0,13.0,"New Mexico, United States",0.00036,0.0
502,New York,United States,2020-09-20 04:22:56,36.637464,137.26934599999998,410.0,25.0,374.0,11.0,"New York, United States",0.0041,6.097560975609756
503,North Carolina,United States,2020-09-20 04:22:56,23.746783,91.743565,21484.0,235.0,14142.0,7107.0,"North Carolina, United States",0.21484,1.093837274250605
504,North Dakota,United States,2020-09-20 04:22:56,53.9570701,37.3690909,9808.0,356.0,8801.0,651.0,"North Dakota, United States",0.09808,3.6296900489396413
505,Northern Mariana Islands,United States,2020-09-20 04:22:56,-3.857496,-80.54525500000003,6735.0,293.0,0.0,6442.0,"Northern Mariana Islands, United States",0.06735,4.3504083147735715
506,Ohio,United States,2020-09-20 04:22:56,21.69400000000001,-71.7979,668.0,5.0,572.0,91.0,"Ohio, United States",0.00668,0.7485029940119761
507,Oklahoma,United States,2020-09-20 04:22:56,57.1134475,35.174442799999994,5862.0,227.0,4416.0,1219.0,"Oklahoma, United States",0.05862,3.8723984988058686
508,Oregon,United States,2020-09-20 04:22:56,58.8206488,70.36588370000001,8754.0,36.0,7402.0,1316.0,"Oregon, United States",0.08754,0.411240575736806
509,Pennsylvania,United States,2020-09-20 04:22:56,51.4017149,93.8582593,7321.0,71.0,6609.0,641.0,"Pennsylvania, United States",0.07321,0.9698128670946592
510,Puerto Rico,United States,2020-09-20 04:22:56,-9.621718,-73.444929,15295.0,309.0,0.0,14986.0,"Puerto Rico, United States",0.15295,2.020268061457993
511,Recovered,United States,2020-09-20 04:22:56,57.1961165,52.69598320000001,4245.0,62.0,3261.0,922.0,"Recovered, United States",0.04245,1.4605418138987045
512,Rhode Island,United States,2020-09-20 04:22:56,54.1463177,47.2324921,14154.0,140.0,12136.0,1878.0,"Rhode Island, United States",0.14154,0.9891196834817012
513,South Carolina,United States,2020-09-20 04:22:56,43.10675841,12.38824698,2192.0,83.0,1638.0,471.0,"South Carolina, United States",0.02192,3.786496350364964
514,South Dakota,United States,2020-09-20 04:22:56,60.0092,17.2715,3919.0,243.0,0.0,3676.0,"South Dakota, United States",0.03919,6.20056136769584
515,Tennessee,United States,2020-09-20 04:22:56,40.014400114615384,-111.46087804615384,62852.0,440.0,0.0,62412.0,"Tennessee, United States",0.62852,0.7000572774136066
516,Texas,United States,2020-09-20 04:22:56,52.084251,5.163824,7260.0,437.0,0.0,6823.0,"Texas, United States",0.0726,6.019283746556474
517,Utah,United States,2020-09-20 04:22:56,26.925425,80.560982,342788.0,4869.0,270094.0,67825.0,"Utah, United States",3.42788,1.4204114496423446
518,Vermont,United States,2020-09-20 04:22:56,30.156447,79.197608,38007.0,464.0,26250.0,11293.0,"Vermont, United States",0.38007,1.2208277422580052
519,Virgin Islands,United States,2020-09-20 04:22:56,45.73750286,7.320149366,1276.0,146.0,1082.0,48.0,"Virgin Islands, United States",0.01276,11.442006269592477
520,Virginia,United States,2020-09-20 04:22:56,3.8009,-76.6413,56837.0,2092.0,47119.0,7626.0,"Virginia, United States",0.56837,3.6807009518447487
521,Washington,United States,2020-09-20 04:22:56,-33.0472,-71.6127,26095.0,823.0,24120.0,1152.0,"Washington, United States",0.26095,3.153860892891359
522,West Virginia,United States,2020-09-20 04:22:56,59.7294,13.2354,1241.0,73.0,0.0,1168.0,"West Virginia, United States",0.01241,5.88235294117647
523,Wisconsin,United States,2020-09-20 04:22:56,65.3337,16.5162,905.0,31.0,0.0,874.0,"Wisconsin, United States",0.00905,3.4254143646408837
524,Wyoming,United States,2020-09-20 04:22:56,63.4276,17.7292,1881.0,136.0,0.0,1745.0,"Wyoming, United States",0.01881,7.230196703880915
525,Cherkasy Oblast,Ukraine,2020-09-20 04:22:56,59.6714,16.2159,2854.0,183.0,0.0,2671.0,"Cherkasy Oblast, Ukraine",0.02854,6.412053258584442
526,Chernihiv Oblast,Ukraine,2020-09-20 04:22:56,58.2528,13.0596,19514.0,860.0,0.0,18654.0,"Chernihiv Oblast, Ukraine",0.19514,4.407092343958184
527,Chernivtsi Oblast,Ukraine,2020-09-20 04:22:56,0.8554,-70.812,679.0,5.0,457.0,217.0,"Chernivtsi Oblast, Ukraine",0.00679,0.7363770250368188
528,Crimea Republic*,Ukraine,2020-09-20 04:22:56,45.43490485,12.33845213,25609.0,2158.0,20406.0,3045.0,"Crimea Republic*, Ukraine",0.25609,8.426724979499395
529,Dnipropetrovsk Oblast,Ukraine,2020-09-20 04:22:56,19.1738,-96.1342,31680.0,4046.0,26543.0,1091.0,"Dnipropetrovsk Oblast, Ukraine",0.3168,12.771464646464647
530,Donetsk Oblast,Ukraine,2020-09-20 04:22:56,44.159495798571434,-72.68438070571429,1710.0,58.0,0.0,1652.0,"Donetsk Oblast, Ukraine",0.0171,3.3918128654970756
531,Ivano-Frankivsk Oblast,Ukraine,2020-09-20 04:22:56,4.4234,-69.2878,397.0,4.0,221.0,172.0,"Ivano-Frankivsk Oblast, Ukraine",0.00397,1.0075566750629723
532,Kharkiv Oblast,Ukraine,2020-09-20 04:22:56,-37.8136,144.9631,20042.0,761.0,18379.0,902.0,"Kharkiv Oblast, Ukraine",0.20042,3.79702624488574
533,Kherson Oblast,Ukraine,2020-09-20 04:22:56,49.2331,28.4682,5200.0,98.0,3461.0,1641.0,"Kherson Oblast, Ukraine",0.052,1.8846153846153846
534,Khmelnytskyi Oblast,Ukraine,2020-09-20 04:22:56,18.3358,-64.8963,1257.0,19.0,0.0,1238.0,"Khmelnytskyi Oblast, Ukraine",0.01257,1.511535401750199
535,Kiev,Ukraine,2020-09-20 04:22:56,37.56615032526316,-78.51371173503755,139546.0,2988.0,0.0,136558.0,"Kiev, Ukraine",1.39546,2.1412294153899074
536,Kiev Oblast,Ukraine,2020-09-20 04:22:56,56.0503336,40.6561633,6906.0,201.0,5774.0,931.0,"Kiev Oblast, Ukraine",0.06906,2.9105125977410946
537,Kirovohrad Oblast,Ukraine,2020-09-20 04:22:56,49.6048339,44.29035820000001,13965.0,130.0,12334.0,1501.0,"Kirovohrad Oblast, Ukraine",0.13965,0.9308986752595776
538,Luhansk Oblast,Ukraine,2020-09-20 04:22:56,60.0391461,43.1215213,4124.0,45.0,3523.0,556.0,"Luhansk Oblast, Ukraine",0.04124,1.0911736178467508
539,Lviv Oblast,Ukraine,2020-09-20 04:22:56,50.7472,25.3254,6783.0,143.0,4774.0,1866.0,"Lviv Oblast, Ukraine",0.06783,2.1082117057349254
540,Mykolaiv Oblast,Ukraine,2020-09-20 04:22:56,50.9800393,40.15065070000001,16256.0,153.0,15125.0,978.0,"Mykolaiv Oblast, Ukraine",0.16256,0.9411909448818898
541,Odessa Oblast,Ukraine,2020-09-20 04:22:56,33.911879,135.505446,236.0,5.0,227.0,4.0,"Odessa Oblast, Ukraine",0.00236,2.11864406779661
542,Poltava Oblast,Ukraine,2020-09-20 04:22:56,52.1307,-3.7837,20445.0,1603.0,0.0,18842.0,"Poltava Oblast, Ukraine",0.20445,7.840547811200782
543,Rivne Oblast,Ukraine,2020-09-20 04:22:56,47.23378642,-120.71922041538463,82199.0,2037.0,0.0,80162.0,"Rivne Oblast, Ukraine",0.82199,2.478132337376367
544,Sevastopol*,Ukraine,2020-09-20 04:22:56,23.814082,87.979803,218772.0,4242.0,190021.0,24509.0,"Sevastopol*, Ukraine",2.18772,1.939004991497998
545,Sumy Oblast,Ukraine,2020-09-20 04:22:56,38.81425370672727,-80.6174545132727,13889.0,311.0,0.0,13578.0,"Sumy Oblast, Ukraine",0.13889,2.2391820865433076
546,Ternopil Oblast,Ukraine,2020-09-20 04:22:56,-31.9505,115.8605,662.0,9.0,650.0,3.0,"Ternopil Oblast, Ukraine",0.00662,1.3595166163141994
547,Vinnytsia Oblast,Ukraine,2020-09-20 04:22:56,44.395143494861124,-89.79797998097222,97279.0,1238.0,0.0,96041.0,"Vinnytsia Oblast, Ukraine",0.97279,1.272628213694631
548,Volyn Oblast,Ukraine,2020-09-20 04:22:56,43.086885505217396,-107.15324220434782,4781.0,49.0,0.0,4732.0,"Volyn Oblast, Ukraine",0.04781,1.0248901903367496
549,Zakarpattia Oblast,Ukraine,2020-09-20 04:22:56,41.1129,85.2401,902.0,3.0,899.0,0.0,"Zakarpattia Oblast, Ukraine",0.00902,0.3325942350332594
550,Zaporizhia Oblast,Ukraine,2020-09-20 04:22:56,38.448396,140.102154,78.0,1.0,76.0,1.0,"Zaporizhia Oblast, Ukraine",0.00078,1.282051282051282
551,Zhytomyr Oblast,Ukraine,2020-09-20 04:22:56,34.201190000000004,131.573293,195.0,1.0,171.0,23.0,"Zhytomyr Oblast, Ukraine",0.00195,0.5128205128205128
552,Anguilla,United Kingdom,2020-09-20 04:22:56,67.1471631,74.3415488,14398.0,98.0,13259.0,1041.0,"Anguilla, United Kingdom",0.14398,0.6806500902903181
553,Bermuda,United Kingdom,2020-09-20 04:22:56,35.612364,138.61148899999998,181.0,6.0,168.0,7.0,"Bermuda, United Kingdom",0.00181,3.314917127071823
554,British Virgin Islands,United Kingdom,2020-09-20 04:22:56,57.77819760000001,39.0021095,8041.0,45.0,7659.0,337.0,"British Virgin Islands, United Kingdom",0.08041,0.559631886581271
555,Cayman Islands,United Kingdom,2020-09-20 04:22:56,20.7099,-89.0943,17222.0,1506.0,14630.0,1086.0,"Cayman Islands, United Kingdom",0.17222,8.74462896295436
556,Channel Islands,United Kingdom,2020-09-20 04:22:56,64.2823,-135.0,15.0,0.0,15.0,0.0,"Channel Islands, United Kingdom",0.00015,0.0
557,England,United Kingdom,2020-09-20 04:22:56,24.974,101.487,206.0,2.0,196.0,8.0,"England, United Kingdom",0.00206,0.9708737864077669
558,Falkland Islands (Malvinas),United Kingdom,2020-09-20 04:22:56,52.248521,115.956325,5481.0,65.0,4602.0,814.0,"Falkland Islands (Malvinas), United Kingdom",0.05481,1.1859149790184274
559,Gibraltar,United Kingdom,2020-09-20 04:22:56,22.7709,-102.5832,6748.0,630.0,5518.0,600.0,"Gibraltar, United Kingdom",0.06748,9.336099585062241
560,Isle of Man,United Kingdom,2020-09-20 04:22:56,48.6208,22.2879,9110.0,290.0,4054.0,4766.0,"Isle of Man, United Kingdom",0.0911,3.1833150384193196
561,Montserrat,United Kingdom,2020-09-20 04:22:56,47.8388,35.1396,2829.0,42.0,1075.0,1712.0,"Montserrat, United Kingdom",0.02829,1.4846235418875928
562,Northern Ireland,United Kingdom,2020-09-20 04:22:56,51.47936,3.861559,1210.0,72.0,0.0,1138.0,"Northern Ireland, United Kingdom",0.0121,5.950413223140496
563,Scotland,United Kingdom,2020-09-20 04:22:56,29.1832,120.0934,1282.0,1.0,1272.0,9.0,"Scotland, United Kingdom",0.01282,0.078003120124805
564,Turks and Caicos Islands,United Kingdom,2020-09-20 04:22:56,50.2547,28.6587,4931.0,90.0,2379.0,2462.0,"Turks and Caicos Islands, United Kingdom",0.04931,1.8251875887243967
565,Wales,United Kingdom,2020-09-20 04:22:56,51.937835,4.462114,26644.0,1364.0,0.0,25280.0,"Wales, United Kingdom",0.26644,5.119351448731422
566,,Zimbabwe,2020-09-20 04:22:56,,,,,,,,,
